parents,husband,wife,husband_id,wife_id,n_sons,sons,n_daughters,daughters,n_unknown_sex,epic,source,comments,row_type,historicity,family_id
Arthur and Morgause,Arthur,Morgause,arthurian::arthur,arthurian::morgause,1,Mordred,0,,0,arthurian,Malory Le Morte d'Arthur Bk.1; Geoffrey of Monmouth,incestuous; Mordred kills Arthur at Camlann,couple,legendary,
Lancelot and Elaine of Corbenic,Lancelot,Elaine of Corbenic,arthurian::lancelot,arthurian::elaine_of_corbenic,1,Galahad,0,,0,arthurian,Lancelot-Grail (Vulgate Cycle); Malory Le Morte d'Arthur,Galahad = purest Grail knight,couple,legendary,
Uther Pendragon and Igraine,Uther Pendragon,Igraine,arthurian::uther_pendragon,arthurian::igraine,1,Arthur,0,,0,arthurian,Geoffrey of Monmouth Historia 8.19-20; Malory,conceived through Merlin's magic disguise,couple,legendary,
Angiras and Shraddha,Angiras,Shraddha,bhagavata_purana::angiras,bhagavata_purana::shraddha,4,"Utathya, Brihaspati, Samvarta, unnamed",2,"Sinivali, Kuhu",0,bhagavata_purana,Vishnu Purana 1.10; Bhagavata Purana 4.1.34-35,,couple,mythological,
Atri and Anasuya,Atri,Anasuya,bhagavata_purana::atri,bhagavata_purana::anasuya,3,"Dattatreya, Durvasa, Soma (Chandra)",0,,0,bhagavata_purana,Bhagavata Purana 4.1.15; Markandeya Purana,Trimurtis born as their sons,couple,mythological,
Chyavana and Sukanya,Chyavana,Sukanya,bhagavata_purana::chyavana,bhagavata_purana::sukanya,1,Apnavana (or Pramati),0,,0,bhagavata_purana,Matsya Purana; Bhagavata Purana 9.15,Chyavana rejuvenated by Ashvins,couple,legendary,
Devahuti and Kardama,Kardama,Devahuti,bhagavata_purana::kardama,bhagavata_purana::devahuti,1,Kapila (avatar of Vishnu),9,"Kala, Anasuya, Shraddha, Havirbhu, Gati, Kriya, Khyati, Arundhati, Shanti",0,bhagavata_purana,Bhagavata Purana 3.24.20-25; Vishnu Purana 1.10,9 daughters + 1 son Kapila (founder of Sankhya),couple,mythological,
Jamadagni and Renuka,Jamadagni,Renuka,bhagavata_purana::jamadagni,bhagavata_purana::renuka,5,"Vasumana, Vasu, Vishvavasu, Rumanvat, Parashurama",0,,0,bhagavata_purana,Bhagavata Purana 9.15.12-13; Vishnu Purana 4.7,Parashurama = 6th Vishnu avatar,couple,legendary,
Kashyapa and Danu,Kashyapa,Danu,bhagavata_purana::kashyapa,bhagavata_purana::danu,40,"Dvimurdha, Shambar, Ayomukha, Shankushiras, Kapila, Vamana, Marichi, et al.",0,,0,bhagavata_purana,Vishnu Purana 1.21; Bhagavata Purana 6.6.29-31,Danavas (demon race),couple,mythological,
Kashyapa and Vinata,Kashyapa,Vinata,bhagavata_purana::kashyapa,bhagavata_purana::vinata,2,"Garuda, Aruna",0,,0,bhagavata_purana,Vishnu Purana 1.21; Mahabharata Adi Parva Ch.16,also in Mahabharata,couple,mythological,
Manu (Svayambhuva) and Shatarupa,Manu,Shatarupa,bhagavata_purana::manu,bhagavata_purana::shatarupa,2,"Priyavrata, Uttanapada",3,"Akuti, Devahuti, Prasuti",0,bhagavata_purana,Bhagavata Purana 3.12.56; 4.1.1-7,first Manu,couple,mythological,
Marichi and Kala,Marichi,Kala,bhagavata_purana::marichi,bhagavata_purana::kala,1,Kashyapa,0,,0,bhagavata_purana,Vishnu Purana 1.10; Bhagavata Purana 6.6,Kashyapa = father of Devas and Asuras,couple,mythological,
Sagara and Keshini,Sagara,Keshini,bhagavata_purana::sagara,bhagavata_purana::keshini,1,Asamanja,0,,0,bhagavata_purana,Bhagavata Purana 9.8.14-17; Ramayana Bala Kanda,Asamanja's son = Anshuman,couple,mythological,
Sagara and Sumati,Sagara,Sumati,bhagavata_purana::sagara,bhagavata_purana::sumati,60000,60000 sons (burned by Kapila's gaze),0,,0,bhagavata_purana,Bhagavata Purana 9.8; Ramayana Bala Kanda Ch.38-42,Sagara's sons dug ocean searching for horse,mythical_count,mythological,
Uttanapada and Suniti,Uttanapada,Suniti,bhagavata_purana::uttanapada,bhagavata_purana::suniti,2,"Dhruva, Uttama",0,,0,bhagavata_purana,Bhagavata Purana 4.8-9,Dhruva via Suniti; Uttama via Suruchi (second wife); Dhruva = pole star devotee,couple,legendary,
Vasishtha and Arundhati,Vasishtha,Arundhati,bhagavata_purana::vasishtha,bhagavata_purana::arundhati,7,"Chitraketu, Surochi, Viraja, Mitra, Ulbana, Vasubhrdyana, Dyumat",0,,0,bhagavata_purana,Vishnu Purana 1.10.13; Bhagavata Purana 4.1.40,,couple,legendary,
Anjana and wife (Koliya king),Anjana,unknown,buddhist::anjana,,2,"Suppabuddha, Dandapani",2,"Maya, Mahapajapati Gotami",0,buddhist,Mahavastu; Nidanakatha; Wikipedia 'Family of Gautama Buddha',maternal grandfather of the Buddha,spouse_unnamed,legendary,
Siddhartha and Yasodhara,Siddhartha,Yasodhara,buddhist::siddhartha,buddhist::yasodhara,1,Rahula,0,,0,buddhist,Majjhima Nikaya 61; Buddhacarita 2.46; Jataka Nidanakatha,Rahula = 'fetter'; born night of Great Renunciation,couple,legendary,
Suddhodana and Mahapajapati Gotami,Suddhodana,Mahapajapati Gotami,buddhist::suddhodana,buddhist::mahapajapati_gotami,1,Nanda,1,Sundari Nanda,0,buddhist,Therigatha; Anguttara Nikaya 1.24; Wikipedia 'Family of Gautama Buddha',Mahapajapati was Maya's sister; raised Siddhartha,couple,legendary,
Suddhodana and Maya,Suddhodana,Maya,buddhist::suddhodana,buddhist::maya,1,Siddhartha Gautama (the Buddha),0,,0,buddhist,Buddhacarita (Ashvaghosha) 1.1-25; Nidanakatha (Jataka commentary),Maya died 7 days after birth,couple,legendary,
Suppabuddha and Amita,Suppabuddha,Amita,buddhist::suppabuddha,buddhist::amita,1,Devadatta,1,Yasodhara,0,buddhist,Mahavastu; Nidanakatha; Wikipedia 'Yasodhara',Devadatta = Buddha's rival cousin; Yasodhara = his wife,couple,legendary,
Cú Chulainn and Aífe,Cú Chulainn,Aífe,celtic::c_chulainn,celtic::afe,1,Connla,0,,0,celtic,Aided Óenfhir Aífe (Death of Aífe's Only Son),killed unknowingly by his father,couple,legendary,
Dagda and Boann,Dagda,Boann,celtic::dagda,celtic::boann,3,"Aengus, Bodb Derg, Cermait",1,Brigid,0,celtic,Lebor Gabála Érenn; Cath Maige Tuired,Aengus via Boann; others by various consorts; Dagda = chief god of Tuatha Dé Danann,couple,mythological,
Lir and Aobh,Lir,Aobh,celtic::lir,celtic::aobh,3,"Aed, Fiachra, Conn",1,Fionnuala,0,celtic,Oidhe Chloinne Lir (Children of Lir),Aobh died; children later cursed by stepmother Aoife; turned into swans by stepmother Aoife,couple,mythological,
Llŷr and Penarddun,Llŷr,Penarddun,celtic::llr,celtic::penarddun,2,"Brân, Manawydan",1,Branwen,0,celtic,"Mabinogion, Second Branch (Branwen ferch Llŷr)",Welsh tradition (Mabinogion); Welsh; cognate with Irish Lir,couple,mythological,
Lugh and Deichtine,Lugh,Deichtine,celtic::lugh,celtic::deichtine,1,Cú Chulainn,0,,0,celtic,Lebor Gabála Érenn; Compert Con Culainn,Cú Chulainn; some traditions say immaculate conception by Deichtine alone,couple,legendary,
Pwyll and Rhiannon,Pwyll,Rhiannon,celtic::pwyll,celtic::rhiannon,1,Pryderi,0,,0,celtic,"Mabinogion, First Branch (Pwyll Pendefig Dyfed)",Welsh mythology,couple,legendary,
Herod and Doris,Herod,Doris,christian_nt::herod,christian_nt::doris,1,Antipater,0,,0,christian_nt,Josephus Antiquities 14.12.1; 17.1,first wife; Antipater executed by Herod,couple,historical,
Herod and Malthace,Herod,Malthace,christian_nt::herod,christian_nt::malthace,2,"Herod Antipas, Herod Archelaus",0,,0,christian_nt,Josephus Antiquities 17.1.3,Antipas = ruler who beheaded John the Baptist,couple,historical,
Herod and Mariamne I,Herod,Mariamne I,christian_nt::herod,christian_nt::mariamne_i,2,"Alexander, Aristobulus",2,"Salampsio, Cypros",0,christian_nt,Josephus Antiquities 15.7; 16.1,Mariamne I executed by Herod,couple,historical,
Joachim and Anne,Joachim,Anne,christian_nt::joachim,christian_nt::anne,0,,1,Mary (mother of Jesus),0,christian_nt,Protoevangelium of James Ch.1-5 (apocryphal); Catholic tradition,not in canonical NT; venerated in Catholic/Orthodox,couple,legendary,
Mary and Joseph,Joseph,Mary,christian_nt::joseph,christian_nt::mary,5,"Jesus, James, Joses, Simon, Judas",2,unnamed sisters (plural),0,christian_nt,Mark 6:3; Matthew 13:55-56,Catholic tradition holds these as cousins not siblings,couple,legendary,
Zebedee and Salome,Zebedee,Salome,christian_nt::zebedee,christian_nt::salome,2,"James, John",0,,0,christian_nt,Matthew 4:21; Mark 1:19,Salome per Mark 15:40/Matt 27:56 tradition; two of the twelve apostles,couple,legendary,
Zechariah and Elizabeth,Zechariah,Elizabeth,christian_nt::zechariah,christian_nt::elizabeth,1,John (the Baptist),0,,0,christian_nt,"Luke 1:13,57-63",Luke 1:5-13,couple,legendary,
Begil and wife (unnamed),Begil,unknown,dede_korkut::begil,,1,Emren,0,,0,dede_korkut,"Book of Dede Korkut, Legend IX (Lewis trans.)",,spouse_unnamed,legendary,
Dirse Khan and wife,Dirse Khan,unknown,dede_korkut::dirse_khan,,1,Boghach (Bugach) Khan,0,,0,dede_korkut,"Book of Dede Korkut, Legend I (Lewis trans.)",son born after prayer to Allah for childless couple,couple,legendary,
Kam Bure and wife (unnamed),Kam Bure,unknown,dede_korkut::kam_bure,,1,Bamsi Beyrek,0,,0,dede_korkut,"Book of Dede Korkut, Legend III (Lewis trans.)",,spouse_unnamed,legendary,
Kanli Koja and wife (unnamed),Kanli Koja,unknown,dede_korkut::kanli_koja,,1,Kan Turali,0,,0,dede_korkut,"Book of Dede Korkut, Legend VI (Lewis trans.)",,spouse_unnamed,legendary,
Kazilik Koja and wife (unnamed),Kazilik Koja,unknown,dede_korkut::kazilik_koja,,1,Yigenek,0,,0,dede_korkut,"Book of Dede Korkut, Legend VII (Lewis trans.)",,spouse_unnamed,legendary,
Oghuz Khan (wife unnamed),Oghuz Khan,unknown,dede_korkut::oghuz_khan,,6,"Gün (Sun), Ay (Moon), Yıldız (Star), Gök (Sky), Dağ (Mountain), Deniz (Sea)",0,,0,dede_korkut,Oghuzname; Rashid al-Din Jami al-Tawarikh,Bozok branch (3 elder) + Üçok branch (3 younger),spouse_unnamed,legendary,
Salur Kazan and Burla Khatun,Salur Kazan,Burla Khatun,dede_korkut::salur_kazan,dede_korkut::burla_khatun,1,Uruz,0,,0,dede_korkut,"Book of Dede Korkut, Legends II,IV,XI (Lewis trans.)",Kazan is greatest Oghuz hero,couple,legendary,
Ushun Koja and wife (unnamed),Ushun Koja,unknown,dede_korkut::ushun_koja,,2,"Seghrek, Egrek",0,,0,dede_korkut,"Book of Dede Korkut, Legend X (Lewis trans.)",,spouse_unnamed,legendary,
Amun and Mut,Amun,Mut,egyptian::amun,egyptian::mut,1,Khonsu,0,,0,egyptian,Temple of Karnak; Theban triad inscriptions,Theban triad,couple,mythological,
Geb and Nut,Geb,Nut,egyptian::geb,egyptian::nut,2,"Osiris, Set",2,"Isis, Nephthys",0,egyptian,Plutarch De Iside et Osiride; Pyramid Texts,,couple,mythological,
Horus and Hathor,Horus,Hathor,egyptian::horus,egyptian::hathor,4,"Imseti, Hapi, Duamutef, Qebehsenuef",0,,0,egyptian,Four Sons of Horus; Coffin Texts,,couple,mythological,
Osiris and Isis,Osiris,Isis,egyptian::osiris,egyptian::isis,1,Horus,0,,0,egyptian,Book of the Dead; Pyramid Texts,,couple,mythological,
Ptah and Sekhmet,Ptah,Sekhmet,egyptian::ptah,egyptian::sekhmet,1,Nefertem,0,,0,egyptian,Memphis Theology (Shabaka Stone); Temple of Karnak inscriptions,Memphis triad,couple,mythological,
Ra (self-generated),Ra,none,egyptian::ra,,1,Shu,1,Tefnut,0,egyptian,Heliopolitan cosmogony; Pyramid Texts,Shu and Tefnut born from Ra alone (sneeze/spit); no consort,single_divine,mythological,
Set and Nephthys,Set,Nephthys,egyptian::set,egyptian::nephthys,1,Anubis,0,,0,egyptian,"Plutarch De Iside 14,38; Coffin Texts Spell 148",some traditions say Osiris is Anubis's father,couple,mythological,
Shu and Tefnut,Shu,Tefnut,egyptian::shu,egyptian::tefnut,1,Geb,1,Nut,0,egyptian,Heliopolitan Ennead,,couple,mythological,
Ji Chang (King Wen) and Tai Si,Ji Chang,Tai Si,fengshen_yanyi::ji_chang,fengshen_yanyi::tai_si,99,"Bo Yikao, Ji Fa (King Wu), Ji Dan (Duke of Zhou), et al.",0,,0,fengshen_yanyi,Fengshen Yanyi; Shiji (Sima Qian) Ch.4,97 biological + Lei Zhenzi (adopted) + Leizhenzi,couple,legendary,
King Zhou and Daji,King Zhou,Daji,fengshen_yanyi::king_zhou,fengshen_yanyi::daji,2,"Yin Jiao, Yin Hong",0,,0,fengshen_yanyi,Fengshen Yanyi Ch.1-2,last Shang dynasty king,couple,legendary,
Li Jing and Lady Yin,Li Jing,Lady Yin,fengshen_yanyi::li_jing,fengshen_yanyi::lady_yin,3,"Jinzha, Muzha, Nezha",0,,0,fengshen_yanyi,"Fengshen Yanyi (Xu Zhonglin, c. 1600) Ch.12-14",Nezha = major deity in Chinese folklore,couple,legendary,
Aphrodite and Ares,Aphrodite,Ares,greek::aphrodite,greek::ares,3,"Eros, Phobos, Deimos",1,Harmonia,0,greek,Hesiod Theogony 933-937; Apollodorus,Eros sometimes attributed to Ares; varies by tradition,couple,mythological,love_war
Apollo and Coronis,Apollo,Coronis,greek::apollo,greek::coronis,1,Asclepius,0,,0,greek,Apollodorus 3.10; Pindar Pythian 3,Asclepius; Coronis per Apollodorus/Ovid,couple,mythological,
Atlas and Pleione,Atlas,Pleione,greek::atlas,greek::pleione,1,Hyas,7,"Pleiades (7: Maia, Electra, Taygete, Alcyone, Celaeno, Sterope, Merope)",0,greek,Hesiod Works and Days 383; Apollodorus 3.10,Hyas is son; 7 Pleiades are daughters,couple,mythological,
Cronus and Rhea,Cronus,Rhea,greek::cronus,greek::rhea,3,"Zeus, Poseidon, Hades",3,"Hera, Demeter, Hestia",0,greek,Hesiod Theogony 453-500,CROSS-TRADITION: Roman parallel: Saturn and Ops,couple,mythological,titan_parents
Dionysus and Aphrodite,Dionysus,Aphrodite,greek::dionysus,greek::aphrodite,1,Priapus,0,,0,greek,Apollodorus; Pausanias 9.31.2,Priapus per some traditions; others say by Aura,couple,mythological,
Hades and Persephone,Hades,Persephone,greek::hades,greek::persephone,0,,1,Melinoe,0,greek,Orphic Hymns; Apollodorus (variant),CROSS-TRADITION: Roman parallel: Pluto+Proserpina,couple,mythological,underworld
Hephaestus and Aglaia,Hephaestus,Aglaia,greek::hephaestus,greek::aglaia,0,,1,Thalia (or unnamed),0,greek,Apollodorus; Pausanias 9.35.1,Thalia; Aglaia youngest Grace per Hesiod,couple,mythological,
Hera (parthenogenesis),none,Hera,,greek::hera,1,Hephaestus,0,,0,greek,Hesiod Theogony 921-929,parthenogenesis (without Zeus); Hesiod Theogony 927-929,single_divine,mythological,
Heracles and Deianeira,Heracles,Deianeira,greek::heracles,greek::deianeira,2,"Hyllus, Telephus",0,,0,greek,Apollodorus 2.7.8; Diodorus Siculus 4.37,Hyllus via Deianeira; Telephus via Auge,couple,mythological,
Hermes and Aphrodite,Hermes,Aphrodite,greek::hermes,greek::aphrodite,1,Hermaphroditus,0,,0,greek,Ovid Metamorphoses 4.288; Diodorus Siculus 4.6.5,Hermaphroditus merged with nymph Salmacis,couple,mythological,
Hermes and Dryope,Hermes,Dryope,greek::hermes,greek::dryope,1,Pan,0,,0,greek,Homeric Hymn to Pan; Apollodorus,Pan = god of shepherds; some traditions say Pan's mother is Penelope,couple,mythological,
Jason and Medea,Jason,Medea,greek::jason,greek::medea,1,Medus (or Thessalus),0,,0,greek,Apollodorus 1.9.28; Euripides Medea,Medus; Apollodorus Bibliotheca,couple,legendary,
Orpheus and Eurydice,Orpheus,Eurydice,greek::orpheus,greek::eurydice,1,Musaeus,0,,0,greek,Apollodorus; Pausanias,Musaeus per some traditions; attribution uncertain,couple,legendary,
Paris and Helen,Paris,Helen,greek::paris,greek::helen,0,,1,unnamed daughter,0,greek,Apollodorus 3.12.6,unnamed daughter; per some sources (Stesichorus),couple,legendary,
Perseus and Andromeda,Perseus,Andromeda,greek::perseus,greek::andromeda,2,"Perses, Electryon",0,,0,greek,Apollodorus 2.4.5,"Perses, Electryon; Apollodorus 2.4.5",couple,legendary,
Poseidon and Amphitrite,Poseidon,Amphitrite,greek::poseidon,greek::amphitrite,1,Triton,0,,0,greek,Hesiod Theogony 930,CROSS-TRADITION: Roman parallel: Neptune,couple,mythological,sea_god
Prometheus and Pronoia,Prometheus,Pronoia,greek::prometheus,greek::pronoia,2,"Deucalion, Lycus",0,,0,greek,Apollodorus 1.7.2; Hesiod,"Deucalion, Lycus; Pronoia per some traditions (Hesychius)",couple,mythological,
Styx and Pallas,Pallas,Styx,greek::pallas,greek::styx,2,"Zelus, Kratos",2,"Nike, Bia",0,greek,Hesiod Theogony 383-388,"Zelus, Kratos, Nike, Bia; Hesiod Theogony 383-385",couple,mythological,
Theseus and Hippolyta,Theseus,Hippolyta,greek::theseus,greek::hippolyta,1,Hippolytus,0,,0,greek,Apollodorus Epitome 1.18; Plutarch Theseus,Hippolytus; some say Antiope not Hippolyta,couple,legendary,
Zeus and Alcmene,Zeus,Alcmene,greek::zeus,greek::alcmene,1,Heracles,0,,0,greek,Apollodorus 2.4.5; Homer Iliad 14.323,Zeus disguised as Amphitryon,couple,mythological,
Zeus and Danae,Zeus,Danae,greek::zeus,greek::danae,1,Perseus,0,,0,greek,Apollodorus 2.4.1; Hesiod Shield of Heracles,Zeus as golden rain,couple,mythological,
Zeus and Demeter,Zeus,Demeter,greek::zeus,greek::demeter,0,,1,Persephone,0,greek,Homeric Hymn to Demeter; Hesiod Theogony 912,Persephone; Hesiod Theogony 912,couple,mythological,sky_harvest
Zeus and Hera,Zeus,Hera,greek::zeus,greek::hera,1,Ares,2,"Hebe, Eileithyia",0,greek,Hesiod Theogony 921-923; Homer Iliad 5.896,standard tradition; parthenogenesis for Hephaestus per some sources,couple,mythological,sky_king_queen
Zeus and Leto,Zeus,Leto,greek::zeus,greek::leto,1,Apollo,1,Artemis,0,greek,Hesiod Theogony 918-920; Homeric Hymn to Apollo,born on Delos; Leto wandered because Hera forbade any land from sheltering her,couple,mythological,sky_titan_twins
Zeus and Maia,Zeus,Maia,greek::zeus,greek::maia,1,Hermes,0,,0,greek,Hesiod Theogony 938; Homeric Hymn to Hermes,Maia is daughter of Atlas (one of the Pleiades),couple,mythological,sky_maia_messenger
Zeus and Semele,Zeus,Semele,greek::zeus,greek::semele,1,Dionysus,0,,0,greek,Hesiod Theogony 940-942; Apollodorus 3.4.3,Semele consumed by Zeus's thunderbolt; Dionysus born from Zeus's thigh,couple,mythological,
Aaron and Elisheba,Aaron,Elisheba,hebrew_bible::aaron,hebrew_bible::elisheba,4,"Nadab, Abihu, Eleazar, Ithamar",0,,0,hebrew_bible,Exodus 6:23; Numbers 3:2,Nadab and Abihu killed offering strange fire,couple,legendary,
Abdon and wife (unnamed),Abdon,unknown,hebrew_bible::abdon,,40,40 sons (unnamed),0,,0,hebrew_bible,Judges 12:13-14,also 30 grandsons; 'rode on 70 donkeys' (Judges 12:14); judge of Israel,spouse_unnamed,legendary,
Abraham and Hagar,Abraham,Hagar,hebrew_bible::abraham,hebrew_bible::hagar,1,Ishmael,0,,0,hebrew_bible,Genesis 16:15,ancestor of Arab peoples,couple,legendary,abraham
Abraham and Keturah,Abraham,Keturah,hebrew_bible::abraham,hebrew_bible::keturah,6,"Zimran, Jokshan, Medan, Midian, Ishbak, Shuah",0,,0,hebrew_bible,Genesis 25:1-2,married after Sarah's death,couple,legendary,abraham
Abraham and Sarah,Abraham,Sarah,hebrew_bible::abraham,hebrew_bible::sarah,1,Isaac,0,,0,hebrew_bible,Genesis 21:1-3,son of promise; born when Sarah was 90,couple,legendary,abraham
Adam and Eve,Adam,Eve,hebrew_bible::adam,hebrew_bible::eve,3,"Cain, Abel, Seth",0,,0,hebrew_bible,"Genesis 4:1-2, 25",Seth born after Abel's death (Gen 4:25); also other sons and daughters (Gen 5:4),couple,legendary,
Ahab and Jezebel,Ahab,Jezebel,hebrew_bible::ahab,hebrew_bible::jezebel,2,"Ahaziah, Jehoram",1,Athaliah,0,hebrew_bible,"1 Kings 22:40,51; 2 Kings 8:18,26",also 70 sons total (2 Kings 10:1); Athaliah seized throne after son Ahaziah died,couple,legendary,
Amon and Jedidah,Amon,Jedidah,hebrew_bible::amon,hebrew_bible::jedidah,1,Josiah,0,,0,hebrew_bible,"2 Kings 21:19,26; 22:1",assassinated by servants after 2-year reign,couple,legendary,
Amram and Jochebed,Amram,Jochebed,hebrew_bible::amram,hebrew_bible::jochebed,2,"Moses, Aaron",1,Miriam,0,hebrew_bible,Exodus 6:20; Numbers 26:59,Jochebed is Amram's aunt (Levi's daughter); Miriam = prophetess,couple,legendary,amram_moses
Asher and wife (unnamed),Asher,unknown,hebrew_bible::asher,,4,"Imnah, Ishvah, Ishvi, Beriah",1,Serah,0,hebrew_bible,Genesis 46:17,Serah bat Asher = rare named granddaughter in patriarchal genealogy,spouse_unnamed,legendary,
Benjamin and wife (unnamed),Benjamin,unknown,hebrew_bible::benjamin,,10,"Bela, Becher, Ashbel, Gera, Naaman, Ehi, Rosh, Muppim, Huppim, Ard",0,,0,hebrew_bible,Genesis 46:21,youngest son of Jacob; Benjamin tribe produces Saul,spouse_unnamed,legendary,
Boaz and Ruth,Boaz,Ruth,hebrew_bible::boaz,hebrew_bible::ruth,1,Obed,0,,0,hebrew_bible,Ruth 4:13-17,grandfather of David; in lineage of Jesus,couple,legendary,
Caleb and wife (unnamed),Caleb,unknown,hebrew_bible::caleb,,0,,1,Achsah,0,hebrew_bible,Joshua 15:16-17; Judges 1:12-13,gave Achsah to Othniel as wife; she asked for springs of water,spouse_unnamed,legendary,
Dan and wife (unnamed),Dan,unknown,hebrew_bible::dan,,1,Hushim,0,,0,hebrew_bible,Genesis 46:23,only one son listed; Dan tribe migrated north (Judges 18),spouse_unnamed,legendary,
David (other wives in Jerusalem),David,multiple,hebrew_bible::david,,9,"Ibhar, Elishama, Eliphelet, Nogah, Nepheg, Japhia, Elishama, Eliada, Eliphelet",0,,0,hebrew_bible,1 Chronicles 3:6-8,mothers unnamed; plus unnamed sons via concubines,multi_wife_agg,legendary,david
David and Abigail,David,Abigail,hebrew_bible::david,hebrew_bible::abigail,1,Daniel (Kileab),0,,0,hebrew_bible,1 Chronicles 3:1; 2 Samuel 3:3,,couple,legendary,david
David and Abital,David,Abital,hebrew_bible::david,hebrew_bible::abital,1,Shephatiah,0,,0,hebrew_bible,1 Chronicles 3:3; 2 Samuel 3:4,,couple,legendary,david
David and Ahinoam,David,Ahinoam,hebrew_bible::david,hebrew_bible::ahinoam,1,Amnon,0,,0,hebrew_bible,1 Chronicles 3:1; 2 Samuel 3:2,firstborn; raped Tamar; killed by Absalom,couple,legendary,david
David and Bathsheba,David,Bathsheba,hebrew_bible::david,hebrew_bible::bathsheba,4,"Shammua, Shobab, Nathan, Solomon",0,,0,hebrew_bible,1 Chronicles 3:5; 2 Samuel 12:24,also an unnamed son who died in infancy,couple,legendary,david
David and Eglah,David,Eglah,hebrew_bible::david,hebrew_bible::eglah,1,Ithream,0,,0,hebrew_bible,1 Chronicles 3:3; 2 Samuel 3:5,,couple,legendary,david
David and Haggith,David,Haggith,hebrew_bible::david,hebrew_bible::haggith,1,Adonijah,0,,0,hebrew_bible,1 Chronicles 3:2; 2 Samuel 3:4,tried to usurp throne; executed by Solomon,couple,legendary,david
David and Maacah,David,Maacah,hebrew_bible::david,hebrew_bible::maacah,1,Absalom,1,Tamar,0,hebrew_bible,1 Chronicles 3:2; 2 Samuel 3:3; 13:1,Maacah = daughter of king of Geshur,couple,legendary,david
Eleazar and wife (unnamed),Eleazar,unknown,hebrew_bible::eleazar,,1,Phinehas,0,,0,hebrew_bible,Exodus 6:25,Eleazar = Aaron's son; Phinehas = zealous priest (Numbers 25),spouse_unnamed,legendary,
Eli and wife (unnamed),Eli,unknown,hebrew_bible::eli,,2,"Hophni, Phinehas",0,,0,hebrew_bible,"1 Samuel 1:3; 2:12-17,34; 4:11",wicked sons; both killed in battle,spouse_unnamed,legendary,
Elimelech and Naomi,Elimelech,Naomi,hebrew_bible::elimelech,hebrew_bible::naomi,2,"Mahlon, Chilion",0,,0,hebrew_bible,Ruth 1:2-5,family went to Moab; both sons died; Ruth married Mahlon,couple,legendary,
Elkanah and Hannah,Elkanah,Hannah,hebrew_bible::elkanah,hebrew_bible::hannah,1,Samuel,0,,0,hebrew_bible,"1 Samuel 1:1-2,19-20",Hannah prayed for son; dedicated him to God,couple,legendary,
Enoch and wife (unnamed),Enoch,unknown,hebrew_bible::enoch,,1,Methuselah,0,,0,hebrew_bible,Genesis 5:21-24,'walked with God; then he was no more' (Gen 5:24); also other sons and daughters,spouse_unnamed,legendary,
Esau and Adah bint Elon,Esau,Adah bint Elon,hebrew_bible::esau,hebrew_bible::adah_bint_elon,1,Eliphaz,0,,0,hebrew_bible,"Genesis 36:4,10",Adah the Hittite,couple,legendary,
Esau and Basemath bint Ishmael,Esau,Basemath bint Ishmael,hebrew_bible::esau,hebrew_bible::basemath_bint_ishmael,1,Reuel,0,,0,hebrew_bible,"Genesis 36:4,13",also called Mahalath (Gen 28:9); Ishmael's daughter,couple,legendary,
Esau and Oholibamah,Esau,Oholibamah,hebrew_bible::esau,hebrew_bible::oholibamah,3,"Jeush, Jalam, Korah",0,,0,hebrew_bible,"Genesis 36:5,14",Oholibamah daughter of Anah,couple,legendary,
Gad and wife (unnamed),Gad,unknown,hebrew_bible::gad,,7,"Ziphion, Haggi, Shuni, Ezbon, Eri, Arodi, Areli",0,,0,hebrew_bible,Genesis 46:16,,spouse_unnamed,legendary,
Gideon (many wives),Gideon,multiple,hebrew_bible::gideon,,70,"Abimelech et al. (70 sons, most unnamed)",0,,0,hebrew_bible,Judges 8:30-31,"Judges 8:30: ""he had many wives""; only Abimelech (via concubine) named",multi_wife_agg,legendary,
Ham and wife (unnamed),Ham,unknown,hebrew_bible::ham,,4,"Cush, Mizraim, Put, Canaan",0,,0,hebrew_bible,Genesis 10:6,Hamitic peoples; Canaan cursed by Noah (Gen 9:25),spouse_unnamed,legendary,
Hezekiah and Hephzibah,Hezekiah,Hephzibah,hebrew_bible::hezekiah,hebrew_bible::hephzibah,1,Manasseh,0,,0,hebrew_bible,2 Kings 20:21; 21:1,2 Kings 21:1,couple,legendary,
Hosea and Gomer,Hosea,Gomer,hebrew_bible::hosea,hebrew_bible::gomer,1,Jezreel,1,Lo-Ruhamah,1,hebrew_bible,Hosea 1:3-9,Lo-Ammi (sex unclear in some readings); symbolic names,couple,legendary,
Ibzan of Bethlehem and wives,Ibzan of Bethlehem,multiple,hebrew_bible::ibzan_of_bethlehem,,30,30 sons (unnamed),30,30 daughters (unnamed),0,hebrew_bible,Judges 12:8-9,"remarkable 1:1 sex ratio; married daughters outside clan, brought in wives for sons",multi_wife_agg,legendary,
Isaac and Rebekah,Isaac,Rebekah,hebrew_bible::isaac,hebrew_bible::rebekah,2,"Esau, Jacob",0,,0,hebrew_bible,Genesis 25:24-26,Genesis 25:21-26,couple,legendary,
Isaiah and the prophetess,Isaiah,the prophetess,hebrew_bible::isaiah,hebrew_bible::the_prophetess,2,"Shear-Jashub, Maher-Shalal-Hash-Baz",0,,0,hebrew_bible,Isaiah 7:3; 8:3,"Isaiah 8:3; wife called ""the prophetess""",couple,legendary,
Ishmael and wife (unnamed),Ishmael,unknown,hebrew_bible::ishmael,,12,"Nebaioth, Kedar, Adbeel, Mibsam, Mishma, Dumah, Massa, Hadad, Tema, Jetur, Naphish, Kedemah",1,Mahalath (also called Basemath),0,hebrew_bible,Genesis 25:13-16,"12 sons, 1 daughter",spouse_unnamed,legendary,
Issachar and wife (unnamed),Issachar,unknown,hebrew_bible::issachar,,4,"Tola, Puvah, Iob, Shimron",0,,0,hebrew_bible,Genesis 46:13,,spouse_unnamed,legendary,
Jacob and Bilhah,Jacob,Bilhah,hebrew_bible::jacob,hebrew_bible::bilhah,2,"Dan, Naphtali",0,,0,hebrew_bible,Genesis 30:1-8,,couple,legendary,jacob
Jacob and Leah,Jacob,Leah,hebrew_bible::jacob,hebrew_bible::leah,6,"Reuben, Simeon, Levi, Judah, Issachar, Zebulun",1,Dinah,0,hebrew_bible,Genesis 29:31-35; 30:17-20; 34:1,,couple,legendary,jacob
Jacob and Rachel,Jacob,Rachel,hebrew_bible::jacob,hebrew_bible::rachel,2,"Joseph, Benjamin",0,,0,hebrew_bible,Genesis 30:22-24; 35:16-18,,couple,legendary,jacob
Jacob and Zilpah,Jacob,Zilpah,hebrew_bible::jacob,hebrew_bible::zilpah,2,"Gad, Asher",0,,0,hebrew_bible,Genesis 30:9-13,,couple,legendary,jacob
Japheth and wife (unnamed),Japheth,unknown,hebrew_bible::japheth,,7,"Gomer, Magog, Madai, Javan, Tubal, Meshech, Tiras",0,,0,hebrew_bible,Genesis 10:2,Japhetic peoples; 'may God enlarge Japheth' (Gen 9:27),spouse_unnamed,legendary,
Jehoshaphat and wife (unnamed),Jehoshaphat,unknown,hebrew_bible::jehoshaphat,,7,"Jehoram, Azariah, Jehiel, Zechariah, Azaryahu, Michael, Shephatiah",0,,0,hebrew_bible,2 Chronicles 21:2-4,Jehoram killed all 6 brothers after becoming king,spouse_unnamed,legendary,
Jephthah and wife (unnamed),Jephthah,unknown,hebrew_bible::jephthah,,0,,1,unnamed daughter,0,hebrew_bible,Judges 11:34-40,Judges 11; sacrificed per father's vow; only child,spouse_unnamed,legendary,
Jesse and wife (unnamed),Jesse,unknown,hebrew_bible::jesse,,8,"Eliab, Abinadab, Shammah, Nethanel, Raddai, Ozem, David, unnamed",2,"Zeruiah, Abigail",0,hebrew_bible,1 Samuel 16:10-11; 17:12; 1 Chronicles 2:13-16,David was youngest,spouse_unnamed,legendary,
Job and wife (unnamed),Job,unknown,hebrew_bible::job,,7,unnamed (7 sons in first family; 7 more in second),3,"Jemimah, Keziah, Keren-Happuch (2nd family named)",0,hebrew_bible,Job 1:2; 42:13-15,first 10 children killed; God restores 7+3 more,spouse_unnamed,legendary,
Jonathan (son of Saul),Jonathan,unknown,hebrew_bible::jonathan,,1,Mephibosheth (Merib-baal),0,,0,hebrew_bible,2 Samuel 4:4; 9:3-12; 1 Chronicles 8:34,lame from age 5; protected by David,couple,legendary,
Joseph and Asenath,Joseph,Asenath,hebrew_bible::joseph,hebrew_bible::asenath,2,"Manasseh, Ephraim",0,,0,hebrew_bible,Genesis 41:50-52; 46:20,only 2 sons named in Genesis,couple,legendary,
Josiah and Hamutal,Josiah,Hamutal,hebrew_bible::josiah,hebrew_bible::hamutal,2,"Jehoahaz, Zedekiah",0,,0,hebrew_bible,2 Kings 23:31; 24:18; 1 Chronicles 3:15,Hamutal daughter of Jeremiah of Libnah,couple,legendary,
Josiah and Zebidah,Josiah,Zebidah,hebrew_bible::josiah,hebrew_bible::zebidah,1,Jehoiakim,0,,0,hebrew_bible,2 Kings 23:36; 1 Chronicles 3:15,Zebidah daughter of Pedaiah of Rumah,couple,legendary,
Judah (first wife),Judah,unknown,hebrew_bible::judah,,3,"Er, Onan, Shelah",0,,0,hebrew_bible,Genesis 38:1-5,Er and Onan killed by God,couple,legendary,
Judah and Tamar,Judah,Tamar,hebrew_bible::judah,hebrew_bible::tamar,2,"Perez, Zerah",0,,0,hebrew_bible,Genesis 38:27-30,Perez in lineage of David and Jesus (Matthew 1:3),couple,legendary,
Kohath and wife (unnamed),Kohath,unknown,hebrew_bible::kohath,,4,"Amram, Izhar, Hebron, Uzziel",0,,0,hebrew_bible,Exodus 6:18,Kohathites responsible for Ark of Covenant,spouse_unnamed,legendary,
Lamech (Cainite) and Adah,Lamech,Adah,hebrew_bible::lamech,hebrew_bible::adah,2,"Jabal, Jubal",0,,0,hebrew_bible,Genesis 4:19-21,Jabal = father of tent-dwellers; Jubal = father of musicians,couple,legendary,
Lamech (Cainite) and Zillah,Lamech,Zillah,hebrew_bible::lamech,hebrew_bible::zillah,1,Tubal-Cain,1,Naamah,0,hebrew_bible,Genesis 4:22,Tubal-Cain = forger of bronze and iron; first named daughter in Bible,couple,legendary,
Lamech (Sethite) and wife (unnamed),Lamech,unknown,hebrew_bible::lamech,,1,Noah,0,,0,hebrew_bible,Genesis 5:28-31,'He will comfort us' (Gen 5:29); also other sons and daughters,spouse_unnamed,legendary,
Levi and wife (unnamed),Levi,unknown,hebrew_bible::levi,,3,"Gershon, Kohath, Merari",0,,0,hebrew_bible,Genesis 46:11; Exodus 6:16,heads of three Levitical clans,spouse_unnamed,legendary,
Lot and wife (unnamed),Lot,unknown,hebrew_bible::lot,,0,,4,2 unnamed married + 2 unnamed virgin,0,hebrew_bible,Genesis 19:14-38,Genesis 19; 2 married daughters + 2 unmarried; 2 married + 2 virgin daughters,spouse_unnamed,legendary,lot
Manasseh and wife (unnamed),Manasseh,unknown,hebrew_bible::manasseh,,1,Amon,0,,0,hebrew_bible,2 Kings 21:18-19,most wicked king; 55-year reign; later repented per Chronicles,spouse_unnamed,legendary,
Manoah and wife (unnamed),Manoah,unknown,hebrew_bible::manoah,,1,Samson,0,,0,hebrew_bible,"Judges 13:2-5,24",angel announced birth to barren wife,spouse_unnamed,legendary,
Methuselah and wife (unnamed),Methuselah,unknown,hebrew_bible::methuselah,,1,Lamech,0,,0,hebrew_bible,Genesis 5:25-27,oldest person in Bible (969 years); also other sons and daughters,spouse_unnamed,legendary,
Moses and Zipporah,Moses,Zipporah,hebrew_bible::moses,hebrew_bible::zipporah,2,"Gershom, Eliezer",0,,0,hebrew_bible,Exodus 2:22; 18:3-4,Exodus 2:21-22; 18:3-4,couple,legendary,
Naphtali and wife (unnamed),Naphtali,unknown,hebrew_bible::naphtali,,4,"Jahzeel, Guni, Jezer, Shillem",0,,0,hebrew_bible,Genesis 46:24,,spouse_unnamed,legendary,
Noah and Naamah,Noah,Naamah,hebrew_bible::noah,hebrew_bible::naamah,3,"Shem, Ham, Japheth",0,,0,hebrew_bible,Genesis 5:32; 6:10; 10:1,Naamah per rabbinic tradition (Genesis Rabbah 23:3),couple,legendary,noah
Rehoboam and Maacah bat Absalom,Rehoboam,Maacah bat Absalom,hebrew_bible::rehoboam,hebrew_bible::maacah_bat_absalom,1,Abijah,0,,0,hebrew_bible,2 Chronicles 11:20-22,"Rehoboam loved Maacah most; total across 18 wives: 28 sons, 60 daughters (2 Chr 11:21)",couple,legendary,
Rehoboam and Mahalath,Rehoboam,Mahalath,hebrew_bible::rehoboam,hebrew_bible::mahalath,3,"Jeush, Shemariah, Zaham",0,,0,hebrew_bible,2 Chronicles 11:18-19,Mahalath = granddaughter of David via Jerimoth,couple,legendary,
Rehoboam and wife 1 of 16 (unnamed),Rehoboam,unknown,hebrew_bible::rehoboam,,1.5,unnamed (average across 16 wives),3.75,unnamed (average across 16 wives),0,hebrew_bible,2 Chronicles 11:21,row 1 of 16: 28 total sons and 60 daughters across 18 wives; minus Mahalath (3s) and Maacah (1s); 24s+60d / 16 wives,avg_from_aggregate,legendary,
Rehoboam and wife 10 of 16 (unnamed),Rehoboam,unknown,hebrew_bible::rehoboam,,1.5,unnamed (average across 16 wives),3.75,unnamed (average across 16 wives),0,hebrew_bible,2 Chronicles 11:21,row 10 of 16: 28 total sons and 60 daughters across 18 wives; minus Mahalath (3s) and Maacah (1s); 24s+60d / 16 wives,avg_from_aggregate,legendary,
Rehoboam and wife 11 of 16 (unnamed),Rehoboam,unknown,hebrew_bible::rehoboam,,1.5,unnamed (average across 16 wives),3.75,unnamed (average across 16 wives),0,hebrew_bible,2 Chronicles 11:21,row 11 of 16: 28 total sons and 60 daughters across 18 wives; minus Mahalath (3s) and Maacah (1s); 24s+60d / 16 wives,avg_from_aggregate,legendary,
Rehoboam and wife 12 of 16 (unnamed),Rehoboam,unknown,hebrew_bible::rehoboam,,1.5,unnamed (average across 16 wives),3.75,unnamed (average across 16 wives),0,hebrew_bible,2 Chronicles 11:21,row 12 of 16: 28 total sons and 60 daughters across 18 wives; minus Mahalath (3s) and Maacah (1s); 24s+60d / 16 wives,avg_from_aggregate,legendary,
Rehoboam and wife 13 of 16 (unnamed),Rehoboam,unknown,hebrew_bible::rehoboam,,1.5,unnamed (average across 16 wives),3.75,unnamed (average across 16 wives),0,hebrew_bible,2 Chronicles 11:21,row 13 of 16: 28 total sons and 60 daughters across 18 wives; minus Mahalath (3s) and Maacah (1s); 24s+60d / 16 wives,avg_from_aggregate,legendary,
Rehoboam and wife 14 of 16 (unnamed),Rehoboam,unknown,hebrew_bible::rehoboam,,1.5,unnamed (average across 16 wives),3.75,unnamed (average across 16 wives),0,hebrew_bible,2 Chronicles 11:21,row 14 of 16: 28 total sons and 60 daughters across 18 wives; minus Mahalath (3s) and Maacah (1s); 24s+60d / 16 wives,avg_from_aggregate,legendary,
Rehoboam and wife 15 of 16 (unnamed),Rehoboam,unknown,hebrew_bible::rehoboam,,1.5,unnamed (average across 16 wives),3.75,unnamed (average across 16 wives),0,hebrew_bible,2 Chronicles 11:21,row 15 of 16: 28 total sons and 60 daughters across 18 wives; minus Mahalath (3s) and Maacah (1s); 24s+60d / 16 wives,avg_from_aggregate,legendary,
Rehoboam and wife 16 of 16 (unnamed),Rehoboam,unknown,hebrew_bible::rehoboam,,1.5,unnamed (average across 16 wives),3.75,unnamed (average across 16 wives),0,hebrew_bible,2 Chronicles 11:21,row 16 of 16: 28 total sons and 60 daughters across 18 wives; minus Mahalath (3s) and Maacah (1s); 24s+60d / 16 wives,avg_from_aggregate,legendary,
Rehoboam and wife 2 of 16 (unnamed),Rehoboam,unknown,hebrew_bible::rehoboam,,1.5,unnamed (average across 16 wives),3.75,unnamed (average across 16 wives),0,hebrew_bible,2 Chronicles 11:21,row 2 of 16: 28 total sons and 60 daughters across 18 wives; minus Mahalath (3s) and Maacah (1s); 24s+60d / 16 wives,avg_from_aggregate,legendary,
Rehoboam and wife 3 of 16 (unnamed),Rehoboam,unknown,hebrew_bible::rehoboam,,1.5,unnamed (average across 16 wives),3.75,unnamed (average across 16 wives),0,hebrew_bible,2 Chronicles 11:21,row 3 of 16: 28 total sons and 60 daughters across 18 wives; minus Mahalath (3s) and Maacah (1s); 24s+60d / 16 wives,avg_from_aggregate,legendary,
Rehoboam and wife 4 of 16 (unnamed),Rehoboam,unknown,hebrew_bible::rehoboam,,1.5,unnamed (average across 16 wives),3.75,unnamed (average across 16 wives),0,hebrew_bible,2 Chronicles 11:21,row 4 of 16: 28 total sons and 60 daughters across 18 wives; minus Mahalath (3s) and Maacah (1s); 24s+60d / 16 wives,avg_from_aggregate,legendary,
Rehoboam and wife 5 of 16 (unnamed),Rehoboam,unknown,hebrew_bible::rehoboam,,1.5,unnamed (average across 16 wives),3.75,unnamed (average across 16 wives),0,hebrew_bible,2 Chronicles 11:21,row 5 of 16: 28 total sons and 60 daughters across 18 wives; minus Mahalath (3s) and Maacah (1s); 24s+60d / 16 wives,avg_from_aggregate,legendary,
Rehoboam and wife 6 of 16 (unnamed),Rehoboam,unknown,hebrew_bible::rehoboam,,1.5,unnamed (average across 16 wives),3.75,unnamed (average across 16 wives),0,hebrew_bible,2 Chronicles 11:21,row 6 of 16: 28 total sons and 60 daughters across 18 wives; minus Mahalath (3s) and Maacah (1s); 24s+60d / 16 wives,avg_from_aggregate,legendary,
Rehoboam and wife 7 of 16 (unnamed),Rehoboam,unknown,hebrew_bible::rehoboam,,1.5,unnamed (average across 16 wives),3.75,unnamed (average across 16 wives),0,hebrew_bible,2 Chronicles 11:21,row 7 of 16: 28 total sons and 60 daughters across 18 wives; minus Mahalath (3s) and Maacah (1s); 24s+60d / 16 wives,avg_from_aggregate,legendary,
Rehoboam and wife 8 of 16 (unnamed),Rehoboam,unknown,hebrew_bible::rehoboam,,1.5,unnamed (average across 16 wives),3.75,unnamed (average across 16 wives),0,hebrew_bible,2 Chronicles 11:21,row 8 of 16: 28 total sons and 60 daughters across 18 wives; minus Mahalath (3s) and Maacah (1s); 24s+60d / 16 wives,avg_from_aggregate,legendary,
Rehoboam and wife 9 of 16 (unnamed),Rehoboam,unknown,hebrew_bible::rehoboam,,1.5,unnamed (average across 16 wives),3.75,unnamed (average across 16 wives),0,hebrew_bible,2 Chronicles 11:21,row 9 of 16: 28 total sons and 60 daughters across 18 wives; minus Mahalath (3s) and Maacah (1s); 24s+60d / 16 wives,avg_from_aggregate,legendary,
Reuben and wife (unnamed),Reuben,unknown,hebrew_bible::reuben,,4,"Hanoch, Pallu, Hezron, Carmi",0,,0,hebrew_bible,Genesis 46:9,firstborn of Jacob; lost birthright (Gen 35:22),spouse_unnamed,legendary,
Samuel and wife (unnamed),Samuel,unknown,hebrew_bible::samuel,,2,"Joel, Abijah",0,,0,hebrew_bible,1 Samuel 8:1-2,,spouse_unnamed,legendary,
Saul and Ahinoam,Saul,Ahinoam,hebrew_bible::saul,hebrew_bible::ahinoam,4,"Jonathan, Ishvi (Abinadab), Malchishua, Ish-bosheth",2,"Merab, Michal",0,hebrew_bible,1 Samuel 14:49-51; 1 Chronicles 8:33; 9:39,also 2 sons by concubine Rizpah,couple,legendary,
Saul and Rizpah,Saul,Rizpah,hebrew_bible::saul,hebrew_bible::rizpah,2,"Armoni, Mephibosheth",0,,0,hebrew_bible,2 Samuel 21:8,concubine; sons executed by Gibeonites,couple,legendary,
Seth and wife (unnamed),Seth,unknown,hebrew_bible::seth,,1,Enosh,0,,0,hebrew_bible,Genesis 5:6-8,also 'other sons and daughters' (Gen 5:7),spouse_unnamed,legendary,
Shem and wife (unnamed),Shem,unknown,hebrew_bible::shem,,5,"Elam, Asshur, Arpachshad, Lud, Aram",0,,0,hebrew_bible,Genesis 10:22; 11:10,Semitic peoples; Arpachshad → Abraham lineage,spouse_unnamed,legendary,
Simeon and wife (unnamed),Simeon,unknown,hebrew_bible::simeon,,6,"Jemuel, Jamin, Ohad, Jachin, Zohar, Shaul",0,,0,hebrew_bible,Genesis 46:10,Shaul = son of Canaanite woman (Gen 46:10),spouse_unnamed,legendary,
Solomon and Naamah,Solomon,Naamah,hebrew_bible::solomon,hebrew_bible::naamah,1,Rehoboam,0,,0,hebrew_bible,1 Kings 11:43; 14:21,Rehoboam's mother is Naamah the Ammonite (1 Kings 14:21); likely many more unnamed,couple,legendary,solomon
Terah and wife (unnamed),Terah,unknown,hebrew_bible::terah,,1,Abraham (only son listed; others below),3,"Sarah, Milcah, (possibly Iscah)",0,hebrew_bible,Genesis 11:26-27; 20:12,"wife unnamed in Genesis 11; Abram, Nahor, Haran; daughters debated",spouse_unnamed,legendary,
Zebulun and wife (unnamed),Zebulun,unknown,hebrew_bible::zebulun,,3,"Sered, Elon, Jahleel",0,,0,hebrew_bible,Genesis 46:14,,spouse_unnamed,legendary,
Abbas and Lubaba bint al-Harith,Abbas,Lubaba bint al-Harith,islam::abbas,islam::lubaba_bint_alharith,7,"Fadl, Abdullah, Ubaydullah, Qutham, Ma'bad, Abd al-Rahman, Kathir",1,Umm Habib,0,islam,Ibn Sa'd Tabaqat; al-Baladhuri Ansab al-Ashraf,Abbasid dynasty descends from Abbas via Abdullah,couple,historical,
Abd al-Muttalib and Fatimah bint Amr,Abd al-Muttalib,Fatimah bint Amr,islam::abd_almuttalib,islam::fatimah_bint_amr,3,"Abdullah, Abu Talib, Zubayr",1,unnamed,0,islam,Ibn Hisham Sirah; al-Tabari,Abdullah is Prophet's father; Abu Talib is Ali's father,couple,historical,
Abd al-Muttalib and Hala bint Uhayb,Abd al-Muttalib,Hala bint Uhayb,islam::abd_almuttalib,islam::hala_bint_uhayb,2,"Hamza, al-Muqawwim",1,Safiyyah,0,islam,Ibn Hisham; Ibn Sa'd,Hamza = Lion of Islam; Safiyyah = mother of Zubayr ibn al-Awwam,couple,historical,
Abd al-Muttalib and Nutaylah bint Janab,Abd al-Muttalib,Nutaylah bint Janab,islam::abd_almuttalib,islam::nutaylah_bint_janab,1,Abbas,0,,0,islam,Ibn Sa'd; al-Tabari,Abbas is ancestor of Abbasid dynasty,couple,historical,
Abd al-Rahman ibn Awf and Tumadur,Abd al-Rahman ibn Awf,Tumadur,islam::abd_alrahman_ibn_awf,islam::tumadur,3,"Salim, Abu Salama, Muhammad",0,,0,islam,Ibn Sa'd Tabaqat,wealthiest companion; also had children by other wives; total ~28 children per some sources,couple,historical,
Abd Manaf and Atikah bint Murrah,Abd Manaf,Atikah bint Murrah,islam::abd_manaf,islam::atikah_bint_murrah,4,"Hashim, Abd Shams, Muttalib, Nawfal",0,,0,islam,Ibn Hisham; al-Tabari vol.6,Abd Shams → Umayya (Umayyad ancestor); Hashim → Prophet's line,couple,legendary,
Abdullah ibn Abd al-Muttalib and Aminah,Abdullah ibn Abd al-Muttalib,Aminah,islam::abdullah_ibn_abd_almuttalib,islam::aminah,1,Muhammad,0,,0,islam,Ibn Hisham Sirah; al-Tabari,Abdullah died before Muhammad's birth; Aminah died when Muhammad was ~6,couple,historical,
Abu Bakr and Asma bint Umays,Abu Bakr,Asma bint Umays,islam::abu_bakr,islam::asma_bint_umays,1,Muhammad ibn Abi Bakr,0,,0,islam,al-Tabari; Ibn Sa'd Tabaqat,,couple,historical,
Abu Bakr and Habibah bint Kharijah,Abu Bakr,Habibah bint Kharijah,islam::abu_bakr,islam::habibah_bint_kharijah,0,,1,Umm Kulthum,0,islam,Ibn Sa'd Tabaqat,born after Abu Bakr's death,couple,historical,
Abu Bakr and Qutaylah,Abu Bakr,Qutaylah,islam::abu_bakr,islam::qutaylah,1,Abdullah,1,Asma,0,islam,Ibn Sa'd Tabaqat; Sahih al-Bukhari,first wife; pre-Islamic marriage,couple,historical,
Abu Bakr and Umm Ruman,Abu Bakr,Umm Ruman,islam::abu_bakr,islam::umm_ruman,1,Abd al-Rahman,1,Aisha,0,islam,Ibn Sa'd Tabaqat; Sahih al-Bukhari,Aisha later married the Prophet,couple,historical,
Abu Sufyan and Hind bint Utbah,Abu Sufyan,Hind bint Utbah,islam::abu_sufyan,islam::hind_bint_utbah,2,"Mu'awiya, Yazid ibn Abi Sufyan",1,Umm Habibah (Ramla),0,islam,al-Tabari; Ibn Sa'd Tabaqat,Hind chewed Hamza's liver at Uhud; Umm Habibah married Prophet; converted at conquest of Makkah,couple,historical,
Abu Talib and Fatimah bint Asad,Abu Talib,Fatimah bint Asad,islam::abu_talib,islam::fatimah_bint_asad,4,"Talib, Aqil, Ja'far, Ali",2,"Umm Hani, Jumanah",0,islam,Ibn Sa'd Tabaqat; Sirat Ibn Hisham,raised Muhammad after Abd al-Muttalib's death,couple,historical,
Ali al-Hadi and Hudayth (Salil),Ali al-Hadi,Hudayth,islam::ali_alhadi,islam::hudayth,2,"Hasan al-Askari, Muhammad (Abu Ja'far)",0,,0,islam,al-Mufid Irshad; al-Kulayni,10th Imam; lived under Abbasid surveillance in Samarra,couple,historical,
Ali al-Ridha and Sabikah (Khayzuran),Ali al-Ridha,Sabikah,islam::ali_alridha,islam::sabikah,1,Muhammad al-Jawad,0,,0,islam,al-Mufid Irshad; al-Kulayni,8th Imam; appointed heir by al-Ma'mun; died in Tus (Mashhad shrine),couple,historical,
Ali and Amamah bint Abi al-As,Ali,Amamah bint Abi al-As,islam::ali,islam::amamah_bint_abi_alas,1,Muhammad al-Awsat,0,,0,islam,Ibn Sa'd; al-Baladhuri,Amamah = granddaughter of Prophet via Zaynab,couple,historical,
Ali and Asma bint Umays,Ali,Asma bint Umays,islam::ali,islam::asma_bint_umays,2,"Yahya, Muhammad al-Asghar",0,,0,islam,Ibn Sa'd Tabaqat,"Asma previously married to Ja'far ibn Abi Talib, then Abu Bakr",couple,historical,
Ali and Fatimah,Ali,Fatimah,islam::ali,islam::fatimah,3,"Hasan, Husayn, Muhsin",2,"Zaynab, Umm Kulthum",0,islam,al-Tabari; Sahih Muslim; Ibn Sa'd Tabaqat,Muhsin died in infancy/miscarriage per some sources,couple,historical,
Ali and Khawlah bint Ja'far,Ali,Khawlah bint Ja'far,islam::ali,islam::khawlah_bint_jafar,1,Muhammad ibn al-Hanafiyyah,0,,0,islam,al-Tabari; Ibn Sa'd Tabaqat,Muhammad ibn al-Hanafiyyah led revolt against Umayyads,couple,historical,
Ali and Layla bint Mas'ud,Ali,Layla bint Mas'ud,islam::ali,islam::layla_bint_masud,2,"Abu Bakr, Ubaydullah",0,,0,islam,Ibn Sa'd Tabaqat,,couple,historical,
Ali and Umm ul-Banin,Ali,Umm ul-Banin,islam::ali,islam::umm_ulbanin,4,"al-Abbas, Abdullah, Ja'far, Uthman",0,,0,islam,al-Tabari; Ibn Sa'd; Maqtal traditions,all four sons martyred at Karbala; al-Abbas = standard-bearer of Husayn,couple,historical,
Ali and wife 1 of ~4 remaining (unnamed),Ali,unknown,islam::ali,,1.25,unnamed (average across ~4 remaining wives),3.75,unnamed (average across ~4 remaining wives),0,islam,Ibn Sa'd Tabaqat; al-Tabari,row 1 of 4: ~4 additional wives after named ones; 5s+15d / 4,avg_from_aggregate,historical,
Ali and wife 2 of ~4 remaining (unnamed),Ali,unknown,islam::ali,,1.25,unnamed (average across ~4 remaining wives),3.75,unnamed (average across ~4 remaining wives),0,islam,Ibn Sa'd Tabaqat; al-Tabari,row 2 of 4: ~4 additional wives after named ones; 5s+15d / 4,avg_from_aggregate,historical,
Ali and wife 3 of ~4 remaining (unnamed),Ali,unknown,islam::ali,,1.25,unnamed (average across ~4 remaining wives),3.75,unnamed (average across ~4 remaining wives),0,islam,Ibn Sa'd Tabaqat; al-Tabari,row 3 of 4: ~4 additional wives after named ones; 5s+15d / 4,avg_from_aggregate,historical,
Ali and wife 4 of ~4 remaining (unnamed),Ali,unknown,islam::ali,,1.25,unnamed (average across ~4 remaining wives),3.75,unnamed (average across ~4 remaining wives),0,islam,Ibn Sa'd Tabaqat; al-Tabari,row 4 of 4: ~4 additional wives after named ones; 5s+15d / 4,avg_from_aggregate,historical,
Ali Zayn al-Abidin and Fatimah bint al-Hasan,Ali Zayn al-Abidin,Fatimah bint al-Hasan,islam::ali_zayn_alabidin,islam::fatimah_bint_alhasan,3,"Muhammad al-Baqir, Abdullah, Ibrahim",1,Khadija,0,islam,al-Tabari; Kitab al-Irshad (Mufid),also had children by other wives/umm walads,couple,historical,
Hamza and wife (unnamed),Hamza,unknown,islam::hamza,,1,Ya'la (also called Umara),1,Umama (or Fatimah),0,islam,Ibn Sa'd Tabaqat; Sirat Ibn Hisham,Lion of God; martyred at Uhud,spouse_unnamed,historical,
Harb and wife (unnamed),Harb,unknown,islam::harb,,1,Abu Sufyan (Sakhr),0,,0,islam,al-Tabari; Ibn Sa'd,,spouse_unnamed,legendary,
Hasan al-Askari and Narjis,Hasan al-Askari,Narjis,islam::hasan_alaskari,islam::narjis,1,Muhammad al-Mahdi,0,,0,islam,al-Kulayni Usul al-Kafi; al-Saduq Kamal al-Din,11th Imam; 12th Imam (al-Mahdi) entered occultation 874 CE; central to Twelver eschatology,couple,historical,
Hasan ibn Ali and wife 1 of ~7 (unnamed),Hasan ibn Ali,unknown,islam::hasan_ibn_ali,,1.14,unnamed (average across ~7 wives),0.57,unnamed (average across ~7 wives),0,islam,al-Tabari; Ibn Sa'd; al-Baladhuri Ansab,"row 1 of 7: known for frequent marriages; ~15 sons per some sources, 8 per others; 8s+4d / 7",avg_from_aggregate,historical,
Hasan ibn Ali and wife 2 of ~7 (unnamed),Hasan ibn Ali,unknown,islam::hasan_ibn_ali,,1.14,unnamed (average across ~7 wives),0.57,unnamed (average across ~7 wives),0,islam,al-Tabari; Ibn Sa'd; al-Baladhuri Ansab,"row 2 of 7: known for frequent marriages; ~15 sons per some sources, 8 per others; 8s+4d / 7",avg_from_aggregate,historical,
Hasan ibn Ali and wife 3 of ~7 (unnamed),Hasan ibn Ali,unknown,islam::hasan_ibn_ali,,1.14,unnamed (average across ~7 wives),0.57,unnamed (average across ~7 wives),0,islam,al-Tabari; Ibn Sa'd; al-Baladhuri Ansab,"row 3 of 7: known for frequent marriages; ~15 sons per some sources, 8 per others; 8s+4d / 7",avg_from_aggregate,historical,
Hasan ibn Ali and wife 4 of ~7 (unnamed),Hasan ibn Ali,unknown,islam::hasan_ibn_ali,,1.14,unnamed (average across ~7 wives),0.57,unnamed (average across ~7 wives),0,islam,al-Tabari; Ibn Sa'd; al-Baladhuri Ansab,"row 4 of 7: known for frequent marriages; ~15 sons per some sources, 8 per others; 8s+4d / 7",avg_from_aggregate,historical,
Hasan ibn Ali and wife 5 of ~7 (unnamed),Hasan ibn Ali,unknown,islam::hasan_ibn_ali,,1.14,unnamed (average across ~7 wives),0.57,unnamed (average across ~7 wives),0,islam,al-Tabari; Ibn Sa'd; al-Baladhuri Ansab,"row 5 of 7: known for frequent marriages; ~15 sons per some sources, 8 per others; 8s+4d / 7",avg_from_aggregate,historical,
Hasan ibn Ali and wife 6 of ~7 (unnamed),Hasan ibn Ali,unknown,islam::hasan_ibn_ali,,1.14,unnamed (average across ~7 wives),0.57,unnamed (average across ~7 wives),0,islam,al-Tabari; Ibn Sa'd; al-Baladhuri Ansab,"row 6 of 7: known for frequent marriages; ~15 sons per some sources, 8 per others; 8s+4d / 7",avg_from_aggregate,historical,
Hasan ibn Ali and wife 7 of ~7 (unnamed),Hasan ibn Ali,unknown,islam::hasan_ibn_ali,,1.14,unnamed (average across ~7 wives),0.57,unnamed (average across ~7 wives),0,islam,al-Tabari; Ibn Sa'd; al-Baladhuri Ansab,"row 7 of 7: known for frequent marriages; ~15 sons per some sources, 8 per others; 8s+4d / 7",avg_from_aggregate,historical,
Hashim and Salma bint Amr,Hashim,Salma bint Amr,islam::hashim,islam::salma_bint_amr,1,Abd al-Muttalib (Shaybah),0,,0,islam,Ibn Hisham Sirah; al-Tabari,Hashim = great-grandfather of Prophet; Salma of Yathrib (Medina); also other sons by other wives,couple,legendary,
Husayn ibn Ali and Shahrbanu,Husayn ibn Ali,Shahrbanu,islam::husayn_ibn_ali,islam::shahrbanu,3,"Ali Zayn al-Abidin, Ali al-Akbar, Ali al-Asghar",3,"Sukayna, Fatimah, Ruqayyah",0,islam,al-Tabari; Ibn Sa'd; Maqtal al-Husayn,Ali al-Asghar was infant martyred at Karbala; Ali Zayn al-Abidin survived,couple,historical,
Ja'far al-Sadiq and Fatimah bint al-Husayn II,Ja'far al-Sadiq,Fatimah bint al-Husayn,islam::jafar_alsadiq,islam::fatimah_bint_alhusayn,3,"Isma'il, Abdullah al-Aftah, Musa al-Kadhim",1,Fatimah al-Kubra,0,islam,al-Mufid Irshad; al-Tabari,6th Imam; Ismailis follow Isma'il's line; Twelvers follow Musa al-Kadhim,couple,historical,
Ja'far and Asma bint Umays,Ja'far,Asma bint Umays,islam::jafar,islam::asma_bint_umays,3,"Abdullah, Muhammad, Awn",0,,0,islam,Ibn Sa'd; al-Tabari,Ja'far martyred at Battle of Mu'tah; Asma later married Abu Bakr then Ali,couple,historical,
Khalid ibn al-Walid and wife (unnamed),Khalid ibn al-Walid,unknown,islam::khalid_ibn_alwalid,,2,"Sulayman, Abd al-Rahman",0,,0,islam,al-Tabari; Ibn Sa'd; al-Waqidi Kitab al-Maghazi,Sword of Allah; undefeated commander; dismissed by Umar,spouse_unnamed,historical,
Mohammed and Khadijah,Mohammed,Khadijah,islam::mohammed,islam::khadijah,2,"Qasim, Abdullah",4,"Fatimah, Zainab, Ruqayyah, Umm Kulthum",0,islam,Sirat Ibn Hisham; al-Tabari vol.9; Sahih al-Bukhari,all biological children except Ibrahim; sons died young,couple,historical,
Mohammed and Maria al-Qibtiyya,Mohammed,Maria al-Qibtiyya,islam::mohammed,islam::maria_alqibtiyya,1,Ibrahim,0,,0,islam,al-Tabari; Ibn Sa'd Tabaqat 8.212,Ibrahim died at ~18 months,couple,historical,
Mu'awiya and Fakhitah bint Qarazah,Mu'awiya,Fakhitah bint Qarazah,islam::muawiya,islam::fakhitah_bint_qarazah,1,Abd al-Rahman,0,,0,islam,al-Tabari; Ibn Sa'd,Abd al-Rahman died before Mu'awiya,couple,historical,
Mu'awiya and Maysun bint Bahdal,Mu'awiya,Maysun bint Bahdal,islam::muawiya,islam::maysun_bint_bahdal,1,Yazid I,0,,0,islam,al-Tabari; al-Baladhuri Ansab,Maysun = Bedouin; Yazid I = Battle of Karbala,couple,historical,
Muhammad al-Baqir and Umm Farwa,Muhammad al-Baqir,Umm Farwa,islam::muhammad_albaqir,islam::umm_farwa,2,"Ja'far al-Sadiq, Abdullah",1,Umm Salama,0,islam,al-Kulayni Usul al-Kafi; al-Mufid Kitab al-Irshad,5th Imam (Twelver/Ismaili); noted for hadith scholarship,couple,historical,
Muhammad al-Jawad and Summana,Muhammad al-Jawad,Summana,islam::muhammad_aljawad,islam::summana,1,Ali al-Hadi,0,,0,islam,al-Mufid Irshad,9th Imam; became imam at age ~9; youngest imam,couple,historical,
Musa al-Kadhim and Tuktam (Najma),Musa al-Kadhim,Tuktam,islam::musa_alkadhim,islam::tuktam,2,"Ali al-Ridha, Ibrahim",1,Fatimah al-Ma'sumah,0,islam,al-Mufid Irshad; Ibn Shahrashub,7th Imam; imprisoned by Harun al-Rashid; Fatimah Ma'sumah shrine in Qom,couple,historical,
Sa'd ibn Abi Waqqas and wife (unnamed),Sa'd ibn Abi Waqqas,unknown,islam::sad_ibn_abi_waqqas,,3,"Umar, Muhammad, Amir",1,Aisha,0,islam,Ibn Sa'd Tabaqat; al-Tabari,conqueror of Persia at Qadisiyyah; one of ten promised paradise,spouse_unnamed,historical,
Talha ibn Ubaydullah and Hamnah bint Jahsh,Talha ibn Ubaydullah,Hamnah bint Jahsh,islam::talha_ibn_ubaydullah,islam::hamnah_bint_jahsh,2,"Muhammad, Imran",0,,0,islam,Ibn Sa'd Tabaqat; al-Tabari,also had children by other wives; one of ten promised paradise,couple,historical,
Talut (wife unnamed),Talut,unknown,islam::talut,,9,9 sons (unnamed in primary sources),2,"unnamed, unnamed",0,islam,Quran 2:247-251; al-Tabari,Saul equivalent; sons unnamed in Quran,spouse_unnamed,legendary,
Umar and Atikah bint Zayd,Umar,Atikah bint Zayd,islam::umar,islam::atikah_bint_zayd,1,Iyyad,0,,0,islam,Ibn Sa'd Tabaqat,Atikah previously married to Abu Bakr's son Abdullah,couple,historical,
Umar and Umm Kulthum bint Ali,Umar,Umm Kulthum bint Ali,islam::umar,islam::umm_kulthum_bint_ali,1,Zayd,1,Ruqayyah,0,islam,Ibn Sa'd Tabaqat; al-Baladhuri,marriage between Umar and Ali's daughter,couple,historical,
Umar and Zaynab bint Madhun,Umar,Zaynab bint Madhun,islam::umar,islam::zaynab_bint_madhun,2,"Abdullah, Abd al-Rahman al-Akbar",1,Hafsa,0,islam,Ibn Sa'd Tabaqat; al-Tabari,Hafsa later married the Prophet,couple,historical,
Umayya and wife (unnamed),Umayya,unknown,islam::umayya,,2,"Harb, Abu al-As",0,,0,islam,al-Tabari; Ibn Hisham,Harb = Abu Sufyan's father; eponym of Umayyad dynasty,spouse_unnamed,legendary,
Uthman and Ramlah bint Shaybah,Uthman,Ramlah bint Shaybah,islam::uthman,islam::ramlah_bint_shaybah,3,"Walid, Sa'id, Umm Sa'id",1,Umm Sa'id,0,islam,Ibn Sa'd Tabaqat,,couple,historical,
Uthman and Ruqayyah bint Muhammad,Uthman,Ruqayyah bint Muhammad,islam::uthman,islam::ruqayyah_bint_muhammad,1,Abdullah,0,,0,islam,Ibn Sa'd; Sahih Muslim,Abdullah died young; Ruqayyah was Prophet's daughter,couple,historical,
Zubayr ibn al-Awwam and Asma bint Abi Bakr,Zubayr ibn al-Awwam,Asma bint Abi Bakr,islam::zubayr_ibn_alawwam,islam::asma_bint_abi_bakr,2,"Abdullah, Urwah",0,,0,islam,Ibn Sa'd Tabaqat; al-Tabari,Abdullah ibn al-Zubayr briefly became caliph,couple,historical,
Mahavira (24th Tirthankara) and Yashoda,Mahavira,Yashoda,jain::mahavira,jain::yashoda,0,,1,Priyadarshana (Anojja),0,jain,Kalpa Sutra (Bhadrabahu); Bhagavati Sutra,Digambara tradition says Mahavira never married,couple,legendary,
Nabhi and Marudevi,Nabhi,Marudevi,jain::nabhi,jain::marudevi,1,Rishabhanatha (Adinatha),0,,0,jain,Adi Purana; Kalpa Sutra,parents of 1st Tirthankara,couple,legendary,
Rishabhanatha and Sumangala,Rishabhanatha,Sumangala,jain::rishabhanatha,jain::sumangala,99,"Bharata, and 98 others",1,Brahmi,0,jain,"Adi Purana (Jinasena, 9th c.); Kalpa Sutra (Bhadrabahu); Wikipedia 'Rishabhanatha'",1st Tirthankara; Brahmi taught script,mythical_count,legendary,
Rishabhanatha and Sunanda,Rishabhanatha,Sunanda,jain::rishabhanatha,jain::sunanda,1,Bahubali,1,Sundari,0,jain,Adi Purana; Kalpa Sutra; Wikipedia 'Rishabhanatha',Bahubali's statue at Shravanabelagola,couple,legendary,
Siddhartha and Trishala,Siddhartha,Trishala,jain::siddhartha,jain::trishala,1,Mahavira (Vardhamana),0,,0,jain,Kalpa Sutra; Acharanga Sutra 2.15,parents of 24th Tirthankara,couple,legendary,
Ilmatar (Water-Mother),none,Ilmatar,,kalevala::ilmatar,1,Väinämöinen,0,,0,kalevala,Kalevala (Lönnrot) Runo 1,born from primordial waters; no father,single_divine,legendary,
Louhi and husband (unnamed),unknown,Louhi,,kalevala::louhi,0,,1,Maiden of Pohjola,0,kalevala,"Kalevala Runos 8,38",sought by all three heroes,spouse_unnamed,legendary,
Gesar and Brugmo (Sechan Dugmo),Gesar,Brugmo,king_gesar::gesar,king_gesar::brugmo,1,Gyatsa Zhakar,0,,0,king_gesar,Epic of King Gesar (Tibetan oral tradition); Samuel 1993,longest epic poem in the world,couple,legendary,
Amaterasu (ukehi ritual with Susanoo),Amaterasu,unknown,kojiki::amaterasu,,5,"Oshihomimi, Amenohohi, Amatsuhikone, Ikutsuhikone, Kumanokusubi",3,"Takiribime, Ichikishimahime, Takitsuhime (Munakata goddesses)",0,kojiki,Kojiki Ch.13; Nihon Shoki,born from pledge ritual; Amaterasu claimed sons,couple,mythological,
Izanagi (purification),Izanagi,none,kojiki::izanagi,,2,"Tsukuyomi, Susanoo",1,Amaterasu,0,kojiki,Kojiki Ch.10-11; Nihon Shoki; Britannica 'Izanagi',Three Precious Children; born from eye/nose washing,single_divine,mythological,
Izanagi and Izanami,Izanagi,Izanami,kojiki::izanagi,kojiki::izanami,2,"Kagutsuchi (fire god), Hiruko (leech-child)",0,,0,kojiki,Kojiki (712 CE) Ch.4-7; Nihon Shoki (720 CE),also birthed islands of Japan and many kami,couple,mythological,
Ninigi and Konohanasakuya-hime,Ninigi,Konohanasakuya-hime,kojiki::ninigi,kojiki::konohanasakuyahime,3,"Hoderi (Umisachihiko), Hosuseri, Hoori (Yamasachihiko)",0,,0,kojiki,Kojiki; Nihon Shoki,Ninigi = grandson of Amaterasu; ancestor line to Emperor Jimmu,couple,legendary,
Susanoo and Kushinadahime,Susanoo,Kushinadahime,kojiki::susanoo,kojiki::kushinadahime,1,Yashimajinumi,0,,0,kojiki,Kojiki; Mythopedia 'Susanoo',Okuninushi descends from this line,couple,mythological,
Koroghlu and Nigar,Koroghlu,Nigar,koroghlu::koroghlu,koroghlu::nigar,1,Hasan,0,,0,koroghlu,Koroghlu (Turkic oral dastan); Chodzko 1842 trans.,Turkic/Azerbaijani/Ottoman folk epic,couple,legendary,
Abhimanyu and Uttara,Abhimanyu,Uttara,mahabharat::abhimanyu,mahabharat::uttara,1,Parikshit,0,,0,mahabharat,Mahabharata Drona Parva; Bhagavata Purana 1.8.9,Parikshit born posthumously,couple,legendary,
Adhiratha and Radha,Adhiratha,Radha,mahabharat::adhiratha,mahabharat::radha,1,Karna (adopted),0,,0,mahabharat,"Mahabharata (Vyasa), KM Ganguly trans.",Karna adopted; biological parents are Surya and Kunti,couple,legendary,
Agni and Svaha,Agni,Svaha,mahabharat::agni,mahabharat::svaha,3,"Pavaka, Pavamana, Suchi",1,Agneyi,0,mahabharat,Mahabharata Vana Parva; Vishnu Purana,three fires; Skanda/Kartikeya counted under Shiva+Parvati,couple,mythological,
Aniruddha and Usha,Aniruddha,Usha,mahabharat::aniruddha,mahabharat::usha,2,"Vajra, Vajranabha",0,,0,mahabharat,Bhagavata Purana 10.61; Harivamsa,Usha is daughter of Banasura,couple,legendary,
Arjuna and Chitrangada,Arjuna,Chitrangada,mahabharat::arjuna,mahabharat::chitrangada,1,Babruvahana,0,,0,mahabharat,Mahabharata Adi Parva Ch.217,Chitrangada = princess of Manipur,couple,legendary,
Arjuna and Draupadi,Arjuna,Draupadi,mahabharat::arjuna,mahabharat::draupadi,1,Shrutakarma,0,,0,mahabharat,Mahabharata Adi Parva; Sabha Parva,son killed in sleep by Ashwatthama,couple,legendary,
Arjuna and Subhadra,Arjuna,Subhadra,mahabharat::arjuna,mahabharat::subhadra,1,Abhimanyu,0,,0,mahabharat,Mahabharata Adi Parva Ch.220,Subhadra = Krishna's sister,couple,legendary,
Arjuna and Ulupi,Arjuna,Ulupi,mahabharat::arjuna,mahabharat::ulupi,1,Iravan,0,,0,mahabharat,Mahabharata Adi Parva Ch.216,Ulupi = Naga princess,couple,legendary,
Bahlika and wife (unnamed),Bahlika,unknown,mahabharat::bahlika,,1,Somadatta,1,unnamed daughter,0,mahabharat,https://en.wikipedia.org/wiki/Bahlika_(Mahabharata),,spouse_unnamed,legendary,
Balarama and Revati,Balarama,Revati,mahabharat::balarama,mahabharat::revati,2,"Nisatha, Ulmuka",0,,0,mahabharat,Harivamsa; Bhagavata Purana 10.61,,couple,legendary,
Bhagadatta and wife (unnamed),Bhagadatta,unknown,mahabharat::bhagadatta,,2,"Vajradatta, Supratika",0,,0,mahabharat,https://en.wikipedia.org/wiki/Bhagadatta,king of Pragjyotisha,spouse_unnamed,legendary,
Bhanu and wife (unnamed),Bhanu,unknown,mahabharat::bhanu,,1,Uchathya,0,,0,mahabharat,"Mahabharata (Vyasa), KM Ganguly trans.",,spouse_unnamed,legendary,
Bharadvaja and Ghritachi,Bharadvaja,Ghritachi,mahabharat::bharadvaja,mahabharat::ghritachi,1,Dronacharya,0,,0,mahabharat,https://en.wikipedia.org/wiki/Bharadvaja,Drona born from Bharadvaja when he saw apsara Ghritachi; Yavakrida is by another tradition,couple,legendary,
"Bharadvaja and wife (unnamed, other tradition)",Bharadvaja,unknown,mahabharat::bharadvaja,,1,Yavakrida,0,,0,mahabharat,Mahabharata Vana Parva,Yavakrida (also Yavakrita); different textual tradition from Drona birth,spouse_unnamed,legendary,
Bharata and Sunanda,Bharata,Sunanda,mahabharat::bharata,mahabharat::sunanda,1,Bhumanyu (adopted),0,,0,mahabharat,https://en.wikipedia.org/wiki/Bharata_(Mahabharata),Bhumanyu adopted (or via niyoga); 1 adopted:,couple,legendary,
Bhima and Draupadi,Bhima,Draupadi,mahabharat::bhima,mahabharat::draupadi,1,Sutasoma,0,,0,mahabharat,Mahabharata Adi Parva,killed in sleep by Ashwatthama,couple,legendary,
Bhima and Hidimbi,Bhima,Hidimbi,mahabharat::bhima,mahabharat::hidimbi,1,Ghatotkacha,0,,0,mahabharat,Mahabharata Adi Parva Ch.154-155,Hidimbi = Rakshasi; Ghatotkacha killed by Karna,couple,legendary,
Bhima and Valandhara,Bhima,Valandhara,mahabharat::bhima,mahabharat::valandhara,1,Sarvaga,0,,0,mahabharat,Mahabharata Adi Parva,Valandhara = princess of Kashi,couple,legendary,
Bhrigu and Puloma,Bhrigu,Puloma,mahabharat::bhrigu,mahabharat::puloma,2,"Chyavana, Shukra",1,Khyati,0,mahabharat,https://en.wikipedia.org/wiki/Bhrigu,"Chyavana via Puloma; Shukra via Kavyamata per some; Chyavana via Puloma; Shukra via another wife; Richika/Jamadagni are later descendants, not direct children",couple,legendary,
Brihaspati and Mamataa,Brihaspati,Mamataa,mahabharat::brihaspati,mahabharat::mamataa,2,"Bharadvaja, Kacha",0,,0,mahabharat,http://www.sushmajee.com/shani/3-reference-30-49/37-brihaspati.htm,,couple,legendary,
Brihaspati and Shubh,Brihaspati,Shubh,mahabharat::brihaspati,mahabharat::shubh,0,,7,"Bhanumati, Raaka, Archismati, Havishmati, Mahishmati, Mahaamati, Sinivali",0,mahabharat,http://www.sushmajee.com/shani/3-reference-30-49/37-brihaspati.htm,,couple,legendary,
Brihaspati and Tara,Brihaspati,Tara,mahabharat::brihaspati,mahabharat::tara,1,Budha,0,,0,mahabharat,"Mahabharata (Vyasa), KM Ganguly trans.","Tara was wife of Brihaspati, abducted by Chandra; Budha born from affair with Chandra but raised by Brihaspati per some texts",couple,legendary,
Budha and Ila,Budha,Ila,mahabharat::budha,mahabharat::ila,1,Pururavas,0,,0,mahabharat,https://en.wikipedia.org/wiki/Budha,Pururavas; Ila changes gender per Bhagavata Purana 9.1,couple,legendary,
Chandra and Rohini,Chandra,Rohini,mahabharat::chandra,mahabharat::rohini,1,Varchas,0,,0,mahabharat,"Mahabharata (Vyasa), KM Ganguly trans.",,couple,mythological,
Devaki and Vasudev,Vasudev,Devaki,mahabharat::vasudev,mahabharat::devaki,7,"Kirttimat, Sushena, Udayin, Bhadrasena, Rijudasa, Bhadradeha, Krishna",0,,0,mahabharat,Bhagavata Purana 10.1-3; Vishnu Purana 5.1,6 elder sons killed by Kansa; Balarama (7th) transferred to Rohini (separate row); Krishna (8th) exchanged,couple,legendary,
Dhrishtadyumna and wife (unnamed),Dhrishtadyumna,unknown,mahabharat::dhrishtadyumna,,4,"Kshatradharman, Kshatravarman, Kshatranjaya, and Dhrishtaketu",0,,0,mahabharat,https://en.wikipedia.org/wiki/Dhrishtadyumna,,spouse_unnamed,legendary,
Dhritarashtra and Gandhari,Dhritarashtra,Gandhari,mahabharat::dhritarashtra,mahabharat::gandhari,100,"Duryodhana, Dushasana, and 98 others",1,Dushala,0,mahabharat,Mahabharata Adi Parva Ch.115-116,Yuyutsu (via maid Sughada) in separate row,mythical_count,legendary,
Dhritarashtra and Sughada,Dhritarashtra,Sughada,mahabharat::dhritarashtra,mahabharat::sughada,1,Yuyutsu,0,,0,mahabharat,Mahabharata Adi Parva Ch.115,,couple,legendary,
Drona and Kripi,Drona,Kripi,mahabharat::drona,mahabharat::kripi,1,Ashwatthama,0,,0,mahabharat,"Mahabharata (Vyasa), KM Ganguly trans.",,couple,legendary,
Drupad and Prishati,Drupad,Prishati,mahabharat::drupad,mahabharat::prishati,10,"Dhrishtadyumna, Shikhandi, Satyajit, Uttamaujas, Yudhamanyu, Suratha, Shatrunjaya, Janamejaya, Kshatradeva, Kshatradharma",1,Draupadi,0,mahabharat,https://www.vyasaonline.com/encyclopedia/drupada/,,couple,legendary,
Duryodhana and Bhanumati,Duryodhana,Bhanumati,mahabharat::duryodhana,mahabharat::bhanumati,1,Lakshman Kumar,1,Laxmanna,0,mahabharat,"Mahabharata (Vyasa), KM Ganguly trans.",,couple,legendary,
Dushasan and wife (unnamed),Dushasan,unknown,mahabharat::dushasan,,1,Drumasena,0,,0,mahabharat,"Mahabharata (Vyasa), KM Ganguly trans.",,spouse_unnamed,legendary,
Dushyanta and Shakuntla,Dushyanta,Shakuntla,mahabharat::dushyanta,mahabharat::shakuntla,1,Bharat,0,,0,mahabharat,"Mahabharata (Vyasa), KM Ganguly trans.",,couple,legendary,
Ekalavya and wife (unnamed),Ekalavya,unknown,mahabharat::ekalavya,,2,"Ketuman, unnamed son",0,,0,mahabharat,https://en.wikipedia.org/wiki/Ekalavya,,spouse_unnamed,legendary,
Ghatotkacha and Ahilawati,Ghatotkacha,Ahilawati,mahabharat::ghatotkacha,mahabharat::ahilawati,3,"Anjanaparvan, Meghavarna, Barbarika",0,,0,mahabharat,"Mahabharata (Vyasa), KM Ganguly trans.",,couple,legendary,
Jarasandha and wife (unnamed),Jarasandha,unknown,mahabharat::jarasandha,,2,"Sahadeva, Jayatsena",2,"Asti, Prapti",0,mahabharat,https://en.wikipedia.org/wiki/Jarasandha,"king of Magadha; daughters Asti+Prapti married Kansa; Sahadeva and Jayatsena (sons)
Asti and Prapti (daughters, wives of Kamsa)",spouse_unnamed,legendary,
Jaratkaru and Manasa,Jaratkaru,Manasa,mahabharat::jaratkaru,mahabharat::manasa,1,Astika,0,,0,mahabharat,https://en.wikipedia.org/wiki/Jaratkaru,Jaratkaru (sage) married Manasa (naga goddess); Astika saved nagas at Janamejaya's snake sacrifice,couple,legendary,
Jayadratha and Dushala,Jayadratha,Dushala,mahabharat::jayadratha,mahabharat::dushala,1,Suratha,0,,0,mahabharat,https://en.wikipedia.org/wiki/Jayadratha,,couple,legendary,
Karna and Supriya,Karna,Supriya,mahabharat::karna,mahabharat::supriya,2,"Vrishaketu, Banasena",0,,0,mahabharat,Mahabharata Karna Parva,Vrishaketu only survivor among Karna's sons,couple,legendary,
Karna and Vrushali,Karna,Vrushali,mahabharat::karna,mahabharat::vrushali,5,"Vrishasena, Chitrasena, Satyasena, Sushena, Shatrunjaya",0,,0,mahabharat,Mahabharata Karna Parva; Stri Parva,most killed in Kurukshetra war,couple,legendary,
Kashyapa and Kadru,Kashyapa,Kadru,mahabharat::kashyapa,mahabharat::kadru,1000,"Shesha, Vasuki, Takshaka et al.",2,"Manasa, unnamed",0,mahabharat,Mahabharata Adi Parva Ch.35-36,,mythical_count,mythological,
Krishna and Bhadra,Krishna,Bhadra,mahabharat::krishna,mahabharat::bhadra,10,"Sangramajit, Brihatsena, Shura, Praharana, Arijit, Jaya, Subhadra, Vama, Ayur, Satyaka",2,unnamed,0,mahabharat,Bhagavata Purana 10.61.16,Bhadra = Kaikeyi princess,couple,legendary,
Krishna and Jambavati,Krishna,Jambavati,mahabharat::krishna,mahabharat::jambavati,10,"Samba, Sumitra, Purujit, Shatajit, Sahasrajit, Vijaya, Chitraketu, Vasuman, Dravida, Kratu",0,,0,mahabharat,Bhagavata Purana 10.61.14,Samba caused Yadu destruction,couple,legendary,
Krishna and Kalindi,Krishna,Kalindi,mahabharat::krishna,mahabharat::kalindi,10,"Shruta, Kavi, Vrishni, Vira, Subahu, Bhadra, Shanti, Darsha, Purnamasa, Somaka",1,unnamed,0,mahabharat,Bhagavata Purana 10.61.13,10 sons per Bhagavata Purana; daughter count averaged from 7 across 5 queens,couple,legendary,
Krishna and Lakshmana,Krishna,Lakshmana,mahabharat::krishna,mahabharat::lakshmana,10,"Praghosha, Gatravan, Simha, Bala, Prabala, Urdhvaga, Mahashakti, Saha, Oja, Aparajita",1,unnamed,0,mahabharat,Bhagavata Purana 10.61.17,Lakshmana = Madra princess,couple,legendary,
Krishna and Mitravinda,Krishna,Mitravinda,mahabharat::krishna,mahabharat::mitravinda,10,"Vrika, Harsha, Anila, Gridhra, Vardhana, Unnada, Mahamsa, Pavana, Vahni, Kshudhi",1,unnamed,0,mahabharat,Bhagavata Purana 10.61.14,10 sons per Bhagavata Purana,couple,legendary,
Krishna and Rukmini,Krishna,Rukmini,mahabharat::krishna,mahabharat::rukmini,10,"Pradyumna, Charudeshna, Sudeshna, Charudeha, Sucharu, Charugupta, Bhadracharu, Charuchandra, Vicharu, Charu",1,Charumati,0,mahabharat,Bhagavata Purana 10.61.8-12; Vishnu Purana 5.28,chief queen; 10 sons + 1 daughter,couple,legendary,
Krishna and Satya (Nagnajiti),Krishna,Satya,mahabharat::krishna,mahabharat::satya,10,"Vira, Chandra, Ashvasena, Chitragu, Vegavan, Vrisha, Ama, Shanku, Vasu, Kunti",2,unnamed,0,mahabharat,Bhagavata Purana 10.61.15,10 sons per Bhagavata Purana,couple,legendary,
Krishna and Satyabhama,Krishna,Satyabhama,mahabharat::krishna,mahabharat::satyabhama,10,"Bhanu, Subhanu, Svarbhanu, Prabhanu, Bhanumana, Chandrabhanu, Brihadbhanu, Atibhanu, Shribhanu, Pratibhanu",0,,0,mahabharat,Bhagavata Purana 10.61.13,,couple,legendary,
Kunti (via divine mantras; no mortal father),none,Kunti,,mahabharat::kunti,3,"Yudhishthira, Bhima, Arjuna",0,,0,mahabharat,Mahabharata Adi Parva Ch.123-124,"via divine mantras (Dharma, Vayu, Indra); Nakula+Sahadeva are Madri's sons by Ashwini Kumaras",single_divine,mythological,
Madri (via Ashwini Kumaras),none,Madri,,mahabharat::madri,2,"Nakula, Sahadeva",0,,0,mahabharat,Mahabharata Adi Parva Ch.124,Kunti shared divine mantra with Madri; Ashwini Kumaras fathered twins; Madri committed sati,single_divine,mythological,
Nahusa and Ashokasundari,Nahusa,Ashokasundari,mahabharat::nahusa,mahabharat::ashokasundari,7,"Yati, Yayati, Samyati, Ayati, Viyati, Kriti, Suyati",0,,0,mahabharat,https://en.wikipedia.org/wiki/Nahusha,,couple,legendary,
Nakula and Draupadi,Nakula,Draupadi,mahabharat::nakula,mahabharat::draupadi,1,Shatanika,0,,0,mahabharat,Mahabharata Adi Parva,killed by Ashwatthama,couple,legendary,
Nakula and Karenumati,Nakula,Karenumati,mahabharat::nakula,mahabharat::karenumati,1,Niramitra,0,,0,mahabharat,Mahabharata Adi Parva,Karenumati = princess of Chedi,couple,legendary,
Nala and Damayanti,Nala,Damayanti,mahabharat::nala,mahabharat::damayanti,1,Indrasena,1,Indrasena (daughter),0,mahabharat,https://en.wikipedia.org/wiki/Nala,Vana Parva Nala-Damayanti episode,couple,legendary,
Narakasura and wife (unnamed),Narakasura,unknown,mahabharat::narakasura,,1,Bhagadatta,0,,0,mahabharat,https://en.wikipedia.org/wiki/Narakasura,,spouse_unnamed,legendary,
Parasara and Satyavati,Parasara,Satyavati,mahabharat::parasara,mahabharat::satyavati,1,Vyasa,0,,0,mahabharat,Mahabharata Adi Parva Ch.63,premarital; Vyasa born on island in Yamuna,couple,legendary,
Parikshit and Madravati,Parikshit,Madravati,mahabharat::parikshit,mahabharat::madravati,1,Janamejaya,0,,0,mahabharat,https://en.wikipedia.org/wiki/Parikshit,Mahabharata tradition; some say Iravati,couple,legendary,
Pradyumna and Rukmavati,Pradyumna,Rukmavati,mahabharat::pradyumna,mahabharat::rukmavati,1,Aniruddha,0,,0,mahabharat,https://en.wikipedia.org/wiki/Pradyumna,Rukmavati is Rukmini's niece,couple,legendary,
Pururavas and Urvashi,Pururavas,Urvashi,mahabharat::pururavas,mahabharat::urvashi,6,"Ayu, Amavasu, Vishvayu, Shrutayu, Dridhayu, Vanaayu",0,,0,mahabharat,"Mahabharata (Vyasa), KM Ganguly trans.",,couple,legendary,
Sagara and Malavi,Sagara,Malavi,mahabharat::sagara,mahabharat::malavi,106,"106 sons (unnamed, via Sagara)",1,unnamed daughter,0,mahabharat,Mahabharata Vana Parva; Bhagavata Purana 9.8,106 sons via Malavi (Sagara had 60000 by Sumati in bhagavata_purana row),mythical_count,legendary,
Sahadeva and Vijaya,Sahadeva,Vijaya,mahabharat::sahadeva,mahabharat::vijaya,2,"Suhotra, Shrutasena",1,unnamed daughter,0,mahabharat,https://en.wikipedia.org/wiki/Sahadeva,Vijaya per some traditions; distinct from Sahadeva+Draupadi,couple,legendary,
Samvarana and Tapati,Samvarana,Tapati,mahabharat::samvarana,mahabharat::tapati,1,Kuru,0,,0,mahabharat,https://en.wikipedia.org/wiki/Tapati,King Samvarana married Tapati (daughter of Surya),couple,legendary,
Shakuni and Arshi,Shakuni,Arshi,mahabharat::shakuni,mahabharat::arshi,1,Uluka,0,,0,mahabharat,https://en.wikipedia.org/wiki/Shakuni,Arshi per Jaimini Bharata,couple,legendary,
Shalya and Avantini,Shalya,Avantini,mahabharat::shalya,mahabharat::avantini,3,"Madranjaya, Rukmanagada, Rukmanarath",0,,0,mahabharat,"Mahabharata (Vyasa), KM Ganguly trans.",,couple,legendary,
Shantanu and Ganga,Shantanu,Ganga,mahabharat::shantanu,mahabharat::ganga,1,Bhishma (8th; 7 earlier sons drowned),0,,0,mahabharat,Mahabharata Adi Parva Ch.98-100,Bhishma (Devavrata) was 8th son; 7 earlier sons drowned at birth by Ganga,couple,legendary,
Shantanu and Satyavati,Shantanu,Satyavati,mahabharat::shantanu,mahabharat::satyavati,2,"Chitrangada, Vichitravirya",0,,0,mahabharat,Mahabharata Adi Parva Ch.94-100,,couple,legendary,
Shikhandi and wife (unnamed),Shikhandi,unknown,mahabharat::shikhandi,,1,Kshatradeva,0,,0,mahabharat,https://en.wikipedia.org/wiki/Shikhandi,,spouse_unnamed,legendary,
Shishupala and wife (unnamed),Shishupala,unknown,mahabharat::shishupala,,4,"Dhrishtaketu, Sharabha, Suketu, unnamed",1,unnamed daughter,0,mahabharat,https://en.wikipedia.org/wiki/Shishupala,king of Chedi,spouse_unnamed,legendary,
Shukra and Jayanti,Shukra,Jayanti,mahabharat::shukra,mahabharat::jayanti,4,"Shanda, Amarka, Tvashtadhara, Atri",1,Devayani,0,mahabharat,https://en.wikipedia.org/wiki/Shukra,some texts: Shanda/Amarka via Jayanti; Devayani is daughter,couple,legendary,
Shurasena and Marisha,Shurasena,Marisha,mahabharat::shurasena,mahabharat::marisha,1,Vasudeva,5,"Kunti, Shrutadeva, Shrutakirti, Shrutashrava, Rajadhidevi",0,mahabharat,"Mahabharata (Vyasa), KM Ganguly trans.",father of Vasudeva and Kunti (adopted by Kuntibhoja); other daughters married to various Yadava chiefs,couple,legendary,
Subala and Sudama,Subala,Sudama,mahabharat::subala,mahabharat::sudama,1,Shakuni,1,Gandhari,0,mahabharat,"Mahabharata (Vyasa), KM Ganguly trans.",,couple,legendary,
Surya and Chhaya,Surya,Chhaya,mahabharat::surya,mahabharat::chhaya,3,"Shani, Savarni Manu, Tapati's brother (unnamed)",2,"Tapati, Vishti (Bhadra)",0,mahabharat,Vishnu Purana 3.2; Markandeya Purana 77-78,Chhaya = Sanjna's shadow,couple,mythological,
Surya and Kunti,Surya,Kunti,mahabharat::surya,mahabharat::kunti,1,Karna,0,,0,mahabharat,Mahabharata Adi Parva Ch.111,born before Kunti's marriage; given up,couple,mythological,
Surya and Sanjna,Surya,Sanjna,mahabharat::surya,mahabharat::sanjna,3,"Vaivasvata Manu, Yama, Ashvini Kumaras (twins count as one entry)",1,Yamuna,0,mahabharat,Vishnu Purana 3.2; Markandeya Purana 77-78,Sanjna also called Saranyu,couple,mythological,
Turvasu and Vapusthama,Turvasu,Vapusthama,mahabharat::turvasu,mahabharat::vapusthama,2,"Anga, Vanga",0,,0,mahabharat,https://en.wikipedia.org/wiki/List_of_characters_in_the_Mahabharata,,couple,legendary,
Ugrasen and Padmavati,Ugrasen,Padmavati,mahabharat::ugrasen,mahabharat::padmavati,1,Kansa,1,Devaki,0,mahabharat,"Mahabharata (Vyasa), KM Ganguly trans.",,couple,legendary,
Uparicharira and Girika,Uparicharira,Girika,mahabharat::uparicharira,mahabharat::girika,7,"Brihadratha, Pratyagraha, Kusha, Mavella, Matsya, Satyavan, unnamed",1,Satyavati,0,mahabharat,"Mahabharata (Vyasa), KM Ganguly trans.",,couple,legendary,
Vasudev and Rohini,Vasudev,Rohini,mahabharat::vasudev,mahabharat::rohini,4,"Balarama, Sarana, Shatha, Durdhara",0,,0,mahabharat,Bhagavata Purana 10.2; Harivamsa,,couple,legendary,
Vidura and Sulabha,Vidura,Sulabha,mahabharat::vidura,mahabharat::sulabha,2,"Anasavan, unnamed",0,,0,mahabharat,https://en.wikipedia.org/wiki/Vidura,some texts say wife's name is Parasavi or Aruni,couple,legendary,
Virata and Sudeshna,Virata,Sudeshna,mahabharat::virata,mahabharat::sudeshna,3,"Uttara, Shveta, Shankha",1,Uttarā,0,mahabharat,Mahabharata Virata Parva,,couple,legendary,
Vyasa and Ambalika,Vyasa,Ambalika,mahabharat::vyasa,mahabharat::ambalika,1,Pandu,0,,0,mahabharat,Mahabharata Adi Parva Ch.106,niyoga; Ambalika is widow of Vichitravirya,couple,legendary,
Vyasa and Ambika,Vyasa,Ambika,mahabharat::vyasa,mahabharat::ambika,1,Dhritarashtra,0,,0,mahabharat,Mahabharata Adi Parva Ch.106,niyoga; Ambika is widow of Vichitravirya,couple,legendary,
Vyasa and Parishrami,Vyasa,Parishrami,mahabharat::vyasa,mahabharat::parishrami,1,Vidura,0,,0,mahabharat,"Mahabharata (Vyasa), KM Ganguly trans.",niyoga; Parishrami is Ambika's maid; some texts call her Sughada,couple,legendary,
Yama and Dhumorna,Yama,Dhumorna,mahabharat::yama,mahabharat::dhumorna,0,,1,Sunitha,0,mahabharat,https://en.wikipedia.org/wiki/Yama_(Hinduism),Sunitha; Dhumorna per Matsya Purana,couple,mythological,
Yayati and Devayani,Yayati,Devayani,mahabharat::yayati,mahabharat::devayani,2,"Yadu, Turvasu",1,Madhavi,0,mahabharat,https://en.wikipedia.org/wiki/Devayani,Yayati is Nahusa's son; Devayani is Shukra's daughter,couple,legendary,
Yayati and Sharmishtha,Yayati,Sharmishtha,mahabharat::yayati,mahabharat::sharmishtha,3,"Druhyu, Anu, Puru",0,,0,mahabharat,https://en.wikipedia.org/wiki/Sharmishtha,Sharmishtha is Vrishaparvan's daughter; second wife of Yayati,couple,legendary,
Yudhishthira and Devika,Yudhishthira,Devika,mahabharat::yudhishthira,mahabharat::devika,1,Yaudheya,0,,0,mahabharat,Mahabharata Adi Parva,Devika = daughter of Govasana,couple,legendary,
Yudhishthira and Draupadi,Yudhishthira,Draupadi,mahabharat::yudhishthira,mahabharat::draupadi,1,Prativindhya,0,,0,mahabharat,Mahabharata Adi Parva,killed by Ashwatthama,couple,legendary,
Jakyp (Manas's father),Jakyp,unknown,manas::jakyp,,1,Manas,0,,0,manas,"Epic of Manas, Part I",Jakyp prayed for son; childless until old age,couple,legendary,
Manas and Kanykei,Manas,Kanykei,manas::manas,manas::kanykei,1,Semetei,0,,0,manas,Epic of Manas (Sagynbai Orozbakov version); UNESCO,"Kyrgyz national epic; ~500,000 lines",couple,legendary,
Semetei and Aychurok,Semetei,Aychurok,manas::semetei,manas::aychurok,1,Seitek,0,,0,manas,"Epic of Manas, Part III (Seitek)",three-generation trilogy,couple,legendary,
"Suratha and wife (unnamed, Devi Mahatmyam)",Suratha,unknown,markandeya_purana::suratha,,1,unnamed prince,0,,0,markandeya_purana,Markandeya Purana Ch.81 (Devi Mahatmyam frame story),king who lost kingdom; worshipped Devi,spouse_unnamed,legendary,
Anu and Ki,Anu,Ki,mesopotamian::anu,mesopotamian::ki,2,"Enlil, Enki",0,,0,mesopotamian,Sumerian cosmogony; Anu is sky god,"Enlil, Enki; Ki = Earth goddess per Sumerian tradition",couple,mythological,
Enki and Ninhursag,Enki,Ninhursag,mesopotamian::enki,mesopotamian::ninhursag,0,,1,Ninsar,0,mesopotamian,Enki and Ninhursag myth,,couple,mythological,
Enlil and Ninlil,Enlil,Ninlil,mesopotamian::enlil,mesopotamian::ninlil,3,"Nanna (Sin), Nergal, Ninazu",0,,0,mesopotamian,Enlil and Ninlil (Sumerian myth),,couple,mythological,
Nanna and Ningal,Nanna,Ningal,mesopotamian::nanna,mesopotamian::ningal,1,Utu (Shamash),1,Inanna (Ishtar),0,mesopotamian,Sumerian mythology,,couple,mythological,
Baldr and Nanna,Baldr,Nanna,norse::baldr,norse::nanna,1,Forseti,0,,0,norse,Prose Edda Gylfaginning,,couple,mythological,
Borr and Bestla,Borr,Bestla,norse::borr,norse::bestla,3,"Odin, Vili, Ve",0,,0,norse,Prose Edda Gylfaginning,,couple,mythological,
Freyr and Gerdr,Freyr,Gerdr,norse::freyr,norse::gerdr,1,Fjolnir,0,,0,norse,Ynglinga Saga ch.10,,couple,mythological,
Loki (as mare) and Svadilfari,Svadilfari,Loki,norse::svadilfari,norse::loki,1,Sleipnir,0,,0,norse,Prose Edda; Loki is the mother here,,couple,mythological,
Loki and Angrboda,Loki,Angrboda,norse::loki,norse::angrboda,2,"Fenrir, Jormungandr",1,Hel,0,norse,Prose Edda Gylfaginning,,couple,mythological,
Loki and Sigyn,Loki,Sigyn,norse::loki,norse::sigyn,2,"Narfi, Vali",0,,0,norse,Prose Edda Gylfaginning; https://en.wikipedia.org/wiki/Loki,,couple,mythological,
Njord and Skadi,Njord,Skadi,norse::njord,norse::skadi,1,Freyr,1,Freyja,0,norse,Prose Edda Gylfaginning,Freyr+Freyja sometimes attributed to unnamed Vanir sister,couple,mythological,
Odin and Frigg,Odin,Frigg,norse::odin,norse::frigg,3,"Baldr, Hodr, Hermod",0,,0,norse,Prose Edda Gylfaginning; https://en.wikipedia.org/wiki/Sons_of_Odin,,couple,mythological,
Odin and Gridr,Odin,Gridr,norse::odin,norse::gridr,1,Vidar,0,,0,norse,Prose Edda,,couple,mythological,
Odin and Gunnlod,Odin,Gunnlod,norse::odin,norse::gunnlod,1,Bragi,0,,0,norse,Skaldskaparmal,,couple,mythological,
Odin and Jord,Odin,Jord,norse::odin,norse::jord,1,Thor,0,,0,norse,Prose Edda Gylfaginning,,couple,mythological,
Odin and Rindr,Odin,Rindr,norse::odin,norse::rindr,1,Vali,0,,0,norse,Prose Edda,,couple,mythological,
Thor and Jarnsaxa,Thor,Jarnsaxa,norse::thor,norse::jarnsaxa,1,Magni,0,,0,norse,Prose Edda Skaldskaparmal,,couple,mythological,
Thor and Sif,Thor,Sif,norse::thor,norse::sif,1,Modi,1,Thrud,0,norse,Prose Edda; Sif also mother of Ullr (by another),,couple,mythological,
King Amarashakti and queen (unnamed),King Amarashakti,unknown,panchatantra::king_amarashakti,,3,"Bahushakti, Ugrashakti, Anantashakti",0,,0,panchatantra,"Panchatantra (Vishnu Sharma), Frame Story Introduction",3 ignorant princes taught via fables,spouse_unnamed,legendary,
Hun Hunahpu (first wife),Hun Hunahpu,unknown,popol_vuh::hun_hunahpu,,2,"Hun Batz, Hun Chouen",0,,0,popol_vuh,Popol Vuh Part III,turned into monkeys by Hero Twins,couple,legendary,
Hun Hunahpu and Xquic,Hun Hunahpu,Xquic,popol_vuh::hun_hunahpu,popol_vuh::xquic,2,"Hunahpu, Xbalanque",0,,0,popol_vuh,Popol Vuh Part III (Christenson trans.),Hero Twins; defeated Lords of Xibalba,couple,legendary,
Dawud and wife (unnamed),Dawud,unknown,quran::dawud,,1,Sulayman (Solomon),0,,0,quran,Surah Sad 38:30; Surah An-Naml 27:16,Quran mentions Sulayman inheriting from Dawud,cross_tradition,legendary,david
Ibrahim (various wives),Ibrahim,multiple,quran::ibrahim,,2,"Ishmael, Isaac",0,,0,quran,Quran 37:100-113; 11:69-71,Ishmael via Hajar; Isaac via Sarah; Quran tradition; CROSS-TRADITION: Hebrew Bible parallel: Abraham+Sarah/Hagar/Keturah; Ismail and Ishaq,cross_tradition,legendary,abraham
Imran and Hannah,Imran,Hannah,quran::imran,quran::hannah,2,"Moses, Aaron",2,"Maryam (Mary), unnamed",0,quran,Quran 3:33-36; 19:28; 66:12,Hannah per Islamic tradition (Surah 3:35-36); CROSS-TRADITION: Hebrew Bible parallel: Amram (father of Moses/Aaron),cross_tradition,legendary,amram_moses
Lut and wife (unnamed),Lut,unknown,quran::lut,,0,,2,"unnamed, unnamed",0,quran,Surah Hud 11:78-79; Surah Hijr 15:71,wife was among disbelievers; daughters offered to people of Sodom,cross_tradition,legendary,lot
Nuh and wife (unnamed),Nuh,unknown,quran::nuh,,4,"Shem, Ham, Yafith, Kan'an (or Yam)",0,,0,quran,Surah Hud 11:42-43; Surah Nuh 71,4th son refused to board ark and drowned; Quran tradition differs from Bible,cross_tradition,legendary,noah
Sulayman and wife (unnamed),Sulayman,unknown,quran::sulayman,,1,Rehoboam (Rahab'am),0,,0,quran,Islamic tradition; al-Tabari,minimal Quranic detail on offspring; hadith traditions vary,cross_tradition,legendary,solomon
Yaqub and wives,Yaqub,multiple,quran::yaqub,,12,"Yusuf, Binyamin, and 10 others",0,,0,quran,Surah Yusuf 12:4-7; 12:67,Quran focuses on Yusuf story; brothers collectively referenced,cross_tradition,legendary,jacob
Agastya and Lopamudra,Agastya,Lopamudra,ramayan::agastya,ramayan::lopamudra,1,Dridhasyu (or Idhmavaha),0,,0,ramayan,Ramayana Aranya Kanda; https://en.wikipedia.org/wiki/Agastya,,couple,legendary,
Angad and wife (unnamed),Angad,unknown,ramayan::angad,,1,unnamed son,0,,0,ramayan,https://en.wikipedia.org/wiki/Angada,,spouse_unnamed,legendary,
Aruna and Shyeni,Aruna,Shyeni,ramayan::aruna,ramayan::shyeni,2,Jatayu and Sampati,0,,0,ramayan,Ramayana Aranya Kanda; Mahabharata Adi Parva,,couple,legendary,
Bharat and Mandavi,Bharat,Mandavi,ramayan::bharat,ramayan::mandavi,2,Taksha and Pushkala,0,,0,ramayan,https://en.wikipedia.org/wiki/Mandavi,,couple,legendary,
Dasharatha and Kaikeyi,Dasharatha,Kaikeyi,ramayan::dasharatha,ramayan::kaikeyi,1,Bharata,0,,0,ramayan,Ramayana Bala Kanda Ch.18 (Valmiki),,couple,legendary,
Dasharatha and Kausalya,Dasharatha,Kausalya,ramayan::dasharatha,ramayan::kausalya,1,Rama,1,Shanta,0,ramayan,Ramayana Bala Kanda Ch.18 (Valmiki),"Shanta sometimes attributed to Kausalya, sometimes adopted",couple,legendary,
Dasharatha and Sumitra,Dasharatha,Sumitra,ramayan::dasharatha,ramayan::sumitra,2,"Lakshmana, Shatrughna",0,,0,ramayan,Ramayana Bala Kanda Ch.18 (Valmiki),twins,couple,legendary,
Gautama and Ahalya,Gautama,Ahalya,ramayan::gautama,ramayan::ahalya,1,Shatananda,0,,0,ramayan,https://en.wikipedia.org/wiki/Ahalya#Children,Shatananda; Gautama Maharishi,couple,legendary,
Jambavan and wife (unnamed),Jambavan,unknown,ramayan::jambavan,,0,,1,Jambavati,0,ramayan,Ramayana (Valmiki),Jambavati later married Krishna,spouse_unnamed,legendary,
Janak and Sunayana,Janak,Sunayana,ramayan::janak,ramayan::sunayana,0,,2,Sita and Urmila,0,ramayan,Ramayana (Valmiki),Sita found (adopted); Urmila is biological,couple,legendary,
Kesari and Anjana,Kesari,Anjana,ramayan::kesari,ramayan::anjana,1,Hanuman,0,,0,ramayan,Ramayana (Valmiki),,couple,legendary,
Kuber and Bhadra,Kuber,Bhadra,ramayan::kuber,ramayan::bhadra,3,"alakubara, Manigriva or Varna-kavi, and Mayuraja",1,Minakshi,0,ramayan,Ramayana (Valmiki),,couple,legendary,
Kumbhakarna and Vajrajwala,Kumbhakarna,Vajrajwala,ramayan::kumbhakarna,ramayan::vajrajwala,3,"Kumbha, Nikumbha, Bhimasura",0,,0,ramayan,Ramayana Uttara Kanda; Vishnu Purana,Vajrajwala (also Vajrawala); some texts say wife was Kartaki,couple,legendary,
Kush and Kumudvati,Kush,Kumudvati,ramayan::kush,ramayan::kumudvati,1,Atithi,1,unnamed daughter,0,ramayan,https://en.wikipedia.org/wiki/Kusha_(Ramayana),,couple,legendary,
Lakshman and Urmila,Lakshman,Urmila,ramayan::lakshman,ramayan::urmila,2,Angada and Chandraketu,0,,0,ramayan,Ramayana (Valmiki),,couple,legendary,
Malyavan and Sundari,Malyavan,Sundari,ramayan::malyavan,ramayan::sundari,7,"Vajramusthi, Virupaksha, Durmukha, Suptaghna, Yajnakopa, Matta, Unmatta",1,Analaa,0,ramayan,Ramayana (Valmiki),,couple,legendary,
Mayasura and Hema,Mayasura,Hema,ramayan::mayasura,ramayan::hema,2,"Mayavi, Dundubhi",1,mandodari,0,ramayan,Uttara Kanda; https://en.wikipedia.org/wiki/List_of_characters_in_Ramayana,Hema is apsara wife of Mayasura,couple,legendary,
Prahasta and wife (unnamed),Prahasta,unknown,ramayan::prahasta,,1,Jambumali,0,,0,ramayan,Ramayana (Valmiki),,spouse_unnamed,legendary,
Ram and Sita,Ram,Sita,ramayan::ram,ramayan::sita,2,Luv and Kush,0,,0,ramayan,Ramayana (Valmiki),,couple,legendary,
Ravana and Mandodari,Ravana,Mandodari,ramayan::ravana,ramayan::mandodari,6,"Indrajit or Meghanada, Atikaya, Akshayakumara or Akshya, Narantaka, Devantaka",1,Trishira,0,ramayan,Ramayana Yuddha Kanda; Uttara Kanda,,couple,legendary,
Sampati and wife (unnamed),Sampati,unknown,ramayan::sampati,,2,"Suparsva, unnamed",0,,0,ramayan,https://en.wikipedia.org/wiki/Sampati,,spouse_unnamed,legendary,
Shatrughana and Shrutakriti,Shatrughana,Shrutakriti,ramayan::shatrughana,ramayan::shrutakriti,2,Shatrughati and Subahu,0,,0,ramayan,Ramayana (Valmiki),,couple,legendary,
Sumali and Kekumati,Sumali,Kekumati,ramayan::sumali,ramayan::kekumati,10,Prahasta et al.,4,Kaikashi et al.,0,ramayan,Ramayana (Valmiki),,couple,legendary,
Sunda and Tataka,Sunda,Tataka,ramayan::sunda,ramayan::tataka,2,"Maricha, Subahu",0,,0,ramayan,Ramayana Bala Kanda Ch.25,Sunda is the yaksha husband; Tataka cursed to become demoness,couple,legendary,
Vali (and Sugriva) and Tara,Vali,Tara,ramayan::vali,ramayan::tara,1,Angad,0,,0,ramayan,Ramayana (Valmiki),,couple,legendary,
Vasishtha (Ramayana tradition),Vasishtha,unknown,ramayan::vasishtha,,101,Shakti et al.,0,,0,ramayan,Ramayana (Valmiki),100 sons per Ramayana tradition; differs from Vishnu Purana (7 sons),mythical_count,legendary,
Vibhishana and Sarama,Vibhishana,Sarama,ramayan::vibhishana,ramayan::sarama,0,,1,Trijata,0,ramayan,Ramayana (Valmiki),,couple,legendary,
Vishrava and Ilavida,Vishrava,Ilavida,ramayan::vishrava,ramayan::ilavida,1,Kubera,0,,0,ramayan,Ramayana Uttara Kanda; Vishnu Purana 4.2,Kubera = god of wealth,couple,legendary,
Vishrava and Kaikesi,Vishrava,Kaikesi,ramayan::vishrava,ramayan::kaikesi,3,"Ravana, Kumbhakarna, Vibhishana",1,Shurpanakha,0,ramayan,Ramayana Uttara Kanda,Kaikesi desired sons to rival Kubera,couple,legendary,
Vishwamitra (various wives),Vishwamitra,multiple,ramayan::vishwamitra,,105,"Madhuchanda, Rajarshi, Shunahshepa, Sushruta, Ashtaka, et al.",1,Shakuntala,0,ramayan,Ramayana (Valmiki),105 sons incl. Madhuchanda; 1 daughter Shakuntala via Menaka; wives not individually specified in Valmiki,mythical_count,legendary,
Aeneas and Creusa,Aeneas,Creusa,roman::aeneas,roman::creusa,1,Ascanius (Iulus),0,,0,roman,Virgil Aeneid,,couple,legendary,
Aeneas and Lavinia,Aeneas,Lavinia,roman::aeneas,roman::lavinia,1,Silvius,0,,0,roman,Virgil Aeneid; Livy,,couple,legendary,
Jupiter and Ceres,Jupiter,Ceres,roman::jupiter,roman::ceres,0,,1,Proserpina,0,roman,Ovid Metamorphoses,,cross_tradition,mythological,sky_harvest
Jupiter and Juno,Jupiter,Juno,roman::jupiter,roman::juno,2,"Mars, Vulcan",2,"Bellona, Juventus",0,roman,https://en.wikipedia.org/wiki/Jupiter_(mythology),CROSS-TRADITION: Greek parallel: Zeus/Hera,cross_tradition,mythological,sky_king_queen
Jupiter and Latona,Jupiter,Latona,roman::jupiter,roman::latona,1,Apollo,1,Diana,0,roman,Ovid Metamorphoses,,cross_tradition,mythological,sky_titan_twins
Jupiter and Maia,Jupiter,Maia,roman::jupiter,roman::maia,1,Mercury,0,,0,roman,Ovid Fasti 5,,cross_tradition,mythological,sky_maia_messenger
Jupiter and Metis,Jupiter,Metis,roman::jupiter,roman::metis,0,,1,Minerva,0,roman,born from Jupiter's head,,couple,mythological,
Mars and Rhea Silvia,Mars,Rhea Silvia,roman::mars,roman::rhea_silvia,2,"Romulus, Remus",0,,0,roman,Livy Ab Urbe Condita 1.4; https://en.wikipedia.org/wiki/Mars_(mythology),,couple,mythological,
Neptune and Salacia,Neptune,Salacia,roman::neptune,roman::salacia,1,Triton,0,,0,roman,Hesiod/Roman adaptation,CROSS-TRADITION: Greek parallel: Poseidon,cross_tradition,mythological,sea_god
Numa Pompilius and Tatia,Numa Pompilius,Tatia,roman::numa_pompilius,roman::tatia,0,,1,Pompilia,0,roman,Plutarch Lives: Numa,Tatia per Plutarch; Pompilia is their daughter,couple,legendary,
Pluto and Proserpina,Pluto,Proserpina,roman::pluto,roman::proserpina,0,,1,Melinoe,0,roman,Orphic Hymns,CROSS-TRADITION: Greek parallel: Hades,cross_tradition,mythological,underworld
Romulus and Hersilia,Romulus,Hersilia,roman::romulus,roman::hersilia,1,Prima (or Aollius),1,Prima (daughter),0,roman,Plutarch Lives: Romulus; names uncertain,Hersilia per Plutarch/Livy tradition,couple,legendary,
Saturn and Ops,Saturn,Ops,roman::saturn,roman::ops,3,"Jupiter, Neptune, Pluto",3,"Juno, Ceres, Vesta",0,roman,Ovid Fasti; equiv. to Greek Cronus/Rhea,CROSS-TRADITION: Greek parallel: Cronus and Rhea,cross_tradition,mythological,titan_parents
Venus and Anchises,Venus,Anchises,roman::venus,roman::anchises,1,Aeneas,0,,0,roman,Virgil Aeneid,,couple,mythological,
Venus and Mars,Mars,Venus,roman::mars,roman::venus,2,"Timor, Metus",1,Concordia,0,roman,Mythopedia; also Cupids attributed,CROSS-TRADITION: Greek parallel: Ares,cross_tradition,mythological,love_war
David of Sassoun and Khandut,David of Sassoun,Khandut,sassoun::david_of_sassoun,sassoun::khandut,1,Mher the Younger,0,,0,sassoun,"Daredevils of Sassoun, Branch IV",Mher trapped in rock until Judgment Day,couple,legendary,
Mher the Elder and Armaghan,Mher the Elder,Armaghan,sassoun::mher_the_elder,sassoun::armaghan,1,David of Sassoun,0,,0,sassoun,"Daredevils of Sassoun, Branch II",David = central hero; slays Melik,couple,legendary,
Sanasar and Dzovinar,Sanasar,Dzovinar,sassoun::sanasar,sassoun::dzovinar,2,"Sanasar, Baghdasar",0,,0,sassoun,"Daredevils of Sassoun, Branch I (Leon Surmelian trans.)",Armenian national epic; twin founders,couple,legendary,
Bahman (son of Esfandiyar),Bahman,unknown,shahnameh::bahman,,1,Darab,1,Homay (Humay),0,shahnameh,Shahnameh (Ferdowsi); Davis trans.,Homay ruled as queen after Bahman,couple,legendary,
Esfandiyar and wife (unnamed),Esfandiyar,unknown,shahnameh::esfandiyar,,2,"Bahman, Nush-Azar",0,,0,shahnameh,Shahnameh,wife not prominently named in Shahnameh,spouse_unnamed,legendary,
Fereydun and Arnavaz,Fereydun,Arnavaz,shahnameh::fereydun,shahnameh::arnavaz,3,"Salm, Tur, Iraj",0,,0,shahnameh,Shahnameh; https://en.wikipedia.org/wiki/Shahnameh,three sons; Dick Davis translation,couple,mythological,
Giv and Rostam's daughter,Giv,unknown,shahnameh::giv,,1,Bijan,0,,0,shahnameh,Shahnameh Bijan & Manijeh,wife is Rostam's unnamed daughter,couple,legendary,
Goshtasp and Katayun,Goshtasp,Katayun,shahnameh::goshtasp,shahnameh::katayun,2,"Esfandiyar, Pashotan",0,,0,shahnameh,Shahnameh; Avesta,Katayun = daughter of Roman Caesar; Goshtasp's wife and Esfandiyar's mother,couple,legendary,
Gudarz (wife unnamed),Gudarz,unknown,shahnameh::gudarz,,78,"Giv, Bahram, Roham, et al.",0,,0,shahnameh,Shahnameh; 78 sons traditionally listed,,spouse_unnamed,legendary,
Jamshid (Yima),Jamshid,unknown,shahnameh::jamshid,,0,,2,"Shahrnaz, Arnavaz",0,shahnameh,Shahnameh (Ferdowsi); Avesta Yima passages,daughters captured by Zahhak,couple,mythological,
Kay Kavus and Sudabeh,Kay Kavus,Sudabeh,shahnameh::kay_kavus,shahnameh::sudabeh,1,Siyavash,0,,0,shahnameh,Shahnameh,Siyavash; Sudabeh is stepmother in some tellings,couple,legendary,
Rostam and Tahmineh,Rostam,Tahmineh,shahnameh::rostam,shahnameh::tahmineh,1,Sohrab,0,,0,shahnameh,Shahnameh Rostam & Sohrab; https://en.wikipedia.org/wiki/Rostam_and_Sohrab,,couple,legendary,
Rostam and unnamed wife,Rostam,unknown,shahnameh::rostam,,1,Faramarz,1,Banu Goshasp,0,shahnameh,Shahnameh; Banu Goshasp Nameh,Faramarz is main son; Banu Goshasp from Banu Goshasp Nameh,spouse_unnamed,legendary,
Sam and wife (unnamed),Sam,unknown,shahnameh::sam,,1,Zal,0,,0,shahnameh,Shahnameh (Ferdowsi); https://en.wikipedia.org/wiki/Z%C4%81l,,spouse_unnamed,legendary,
Siyavash and Farangis,Siyavash,Farangis,shahnameh::siyavash,shahnameh::farangis,1,Kay Khosrow,0,,0,shahnameh,Shahnameh,,couple,legendary,
Zal and Rudabeh,Zal,Rudabeh,shahnameh::zal,shahnameh::rudabeh,2,"Rostam, Zawara",1,unnamed daughter (married to Giv),0,shahnameh,Shahnameh; https://en.wikipedia.org/wiki/Z%C4%81l,,couple,legendary,
Bali (Mahabali) and Vindhyavali,Bali,Vindhyavali,shiva_purana::bali,shiva_purana::vindhyavali,1,Banasura,0,,0,shiva_purana,Bhagavata Purana 10.62,,couple,mythological,
Brahma (mind-born; no consort),Brahma,none,shiva_purana::brahma,,10,"Marichi, Atri, Angiras, Pulastya, Pulaha, Kratu, Bhrigu, Vasishtha, Daksha, Narada",1,Shatrupa (or she is wife),0,shiva_purana,Vishnu Purana 1.7; Manas-putras (mind-born),,single_divine,mythological,
Daksha and Prasuti,Daksha,Prasuti,shiva_purana::daksha,shiva_purana::prasuti,0,,60,"Sati, Aditi, Diti, Danu, et al. (60 daughters in Puranas)",0,shiva_purana,Vishnu Purana; Bhagavata Purana 6.6,,couple,mythological,
Himalaya (Himavan) and Mena,Himalaya,Mena,shiva_purana::himalaya,shiva_purana::mena,1,Mainaka,2,"Parvati, Ganga (in some versions)",0,shiva_purana,Shiva Purana Rudra Samhita 3.12; Devi Bhagavatam 7.30,Harivamsa adds sister Ekaparna,couple,mythological,
Hiranyakashipu and Kayadhu,Hiranyakashipu,Kayadhu,shiva_purana::hiranyakashipu,shiva_purana::kayadhu,4,"Prahlada, Anuhrada, Samhrada, Hrada",0,,0,shiva_purana,Bhagavata Purana 7.2,Bhagavata Purana 7.2.18,couple,mythological,
Indra and Shachi,Indra,Shachi,shiva_purana::indra,shiva_purana::shachi,1,Jayanta,1,Jayanti,0,shiva_purana,Bhagavata Purana; also Arjuna as partial avatar,,couple,mythological,
Kashyapa and Aditi,Kashyapa,Aditi,shiva_purana::kashyapa,shiva_purana::aditi,12,"Adityas: Vishnu, Indra, Surya, Mitra, Varuna, Aryaman, Bhaga, Vivasvat, Amsha, Tvashtr, Savitri, Pushan",0,,0,shiva_purana,Vishnu Purana; Bhagavata Purana 6.6; 12 Adityas,,couple,mythological,
Kashyapa and Diti,Kashyapa,Diti,shiva_purana::kashyapa,shiva_purana::diti,2,"Hiranyakashipu, Hiranyaksha",1,Holika (or Simhika),0,shiva_purana,Bhagavata Purana 3.17,,couple,mythological,
Prahlada and wife (unnamed),Prahlada,unknown,shiva_purana::prahlada,,1,Virochana,0,,0,shiva_purana,Bhagavata Purana,,spouse_unnamed,mythological,
Pulastya and Havirbhu,Pulastya,Havirbhu,shiva_purana::pulastya,shiva_purana::havirbhu,1,Vishrava,0,,0,shiva_purana,Vishnu Purana; Uttara Kanda,Havirbhu per Vishnu Purana 1.10,couple,mythological,
Shiva (other origins),Shiva,none,shiva_purana::shiva,,2,"Bhauma (Mangala/Mars), Sukesh",0,,0,shiva_purana,Bhauma from sweat; Sukesh from Puranas; regional traditions,,single_divine,mythological,
Shiva and Parvati,Shiva,Parvati,shiva_purana::shiva,shiva_purana::parvati,5,"Kartikeya, Ganesha, Ayyappa, Jalandhara, Andhaka",3,"Ashokasundari, Jyoti, Manasa",0,shiva_purana,Shiva Purana; Padma Purana; various regional Puranas; https://en.wikipedia.org/wiki/Parvati,,couple,mythological,
Virochana and wife (unnamed),Virochana,unknown,shiva_purana::virochana,,1,Bali (Mahabali),0,,0,shiva_purana,Bhagavata Purana,,spouse_unnamed,mythological,
Kovalan and Madhavi,Kovalan,Madhavi,silappadikaram::kovalan,silappadikaram::madhavi,0,,1,Manimegalai,0,silappadikaram,Silappadikaram Canto 6; Manimekalai (Chithalai Chathanar),Manimegalai = protagonist of sequel epic,couple,legendary,
Maghan Kon Fatta and Sassouma Berete,Maghan Kon Fatta,Sassouma Berete,sundiata::maghan_kon_fatta,sundiata::sassouma_berete,1,Dankaran Touman,0,,0,sundiata,Sundiata (Niane trans.) Ch.1-2,rival half-brother of Sundiata,couple,legendary,
Maghan Kon Fatta and Sogolon,Maghan Kon Fatta,Sogolon,sundiata::maghan_kon_fatta,sundiata::sogolon,1,Sundiata (Mari Djata),1,Sogolon Kolonkan,0,sundiata,Sundiata: An Epic of Old Mali (D.T. Niane trans.),Sundiata = founder of Mali Empire,couple,legendary,
Achilles and Deidamia,Achilles,Deidamia,trojan_cycle::achilles,trojan_cycle::deidamia,1,Neoptolemus (Pyrrhus),0,,0,trojan_cycle,Homer Odyssey 11.505-540; Apollodorus Epitome 6.12,Neoptolemus; Deidamia of Skyros; mother: Deidamia,couple,legendary,
Agamemnon and Clytemnestra,Agamemnon,Clytemnestra,trojan_cycle::agamemnon,trojan_cycle::clytemnestra,1,Orestes,2,"Iphigenia, Electra",0,trojan_cycle,Aeschylus Oresteia; Homer Odyssey 3.306; Euripides Iphigenia,Chrysothemis sometimes added as 3rd daughter,couple,legendary,
Hector and Andromache,Hector,Andromache,trojan_cycle::hector,trojan_cycle::andromache,1,Astyanax (Scamandrius),0,,0,trojan_cycle,Homer Iliad 6.390-403,killed by Greeks after Troy's fall,couple,legendary,
Menelaus and Helen,Menelaus,Helen,trojan_cycle::menelaus,trojan_cycle::helen,0,,1,Hermione,0,trojan_cycle,Homer Odyssey 4.12-14; Euripides Andromache,,couple,legendary,
Odysseus and Penelope,Odysseus,Penelope,trojan_cycle::odysseus,trojan_cycle::penelope,1,Telemachus,0,,0,trojan_cycle,Homer Odyssey 1.215-220,,couple,legendary,
Priam and Hecuba,Priam,Hecuba,trojan_cycle::priam,trojan_cycle::hecuba,19,"Hector, Paris, Deiphobus, Helenus, Pammon, Polites, Antiphus, Hippothous, Polydorus, Troilus, et al.",4,"Cassandra, Laodice, Polyxena, Creusa",0,trojan_cycle,Homer Iliad 24.495-497; Apollodorus Bibliotheca 3.12.5,19 sons by Hecuba; 50 total with concubines,couple,legendary,